WADMKK,WADMPR,area_km2,hosp_count,hosp_per_km2,pusk_count,pusk_per_km2,stunting,underweight,severe_wasting,wasting,overweight,poverty_rate,z_stunt,z_poverty,z_pusk,access_gap,mismatch,log_pusk
Aceh Barat,Aceh,2782.868227116591,0,0.0,1,0.0003593414845359,25.6,26.6,1.1,8.4,1.9,15.5,0.3532918291586522,0.6961395990805881,-0.2853664742163777,0.2853664742163777,0.6386583033750299,0.000359276936847291
Aceh Barat Daya,Aceh,1882.276671753744,1,0.0005312715261291,14,0.0074378013658087,36.2,24.2,1.6,7.1,1.7,13.3,1.6567658054881216,0.3802629259726032,-0.19820215546783893,0.19820215546783893,1.8549679609559604,0.007410277315916028
Aceh Besar,Aceh,2891.477404988492,1,0.0003458439613862,4,0.0013833758455449,32.3,31.0,1.4,10.9,0.6,11.05,1.1771857575933162,0.0572072375667093,-0.27271840283319604,0.27271840283319604,1.4499041604265122,0.0013824198627340042
Aceh Jaya,Aceh,3872.352383979624,0,0.0,0,0.0,31.0,28.0,0.9,10.8,0.8,10.37,1.0173257416283816,-0.0404273704848498,-0.2898078481716705,0.2898078481716705,1.3071335898000522,0.0
Aceh Selatan,Aceh,4175.375633475511,1,0.0002394994098213,0,0.0,34.2,23.9,1.2,6.9,1.9,9.89,1.4108273193882217,-0.1093459173447737,-0.2898078481716705,0.2898078481716705,1.7006351675598923,0.0
Aceh Singkil,Aceh,1852.8227016323697,1,0.0005397170485438,1,0.0005397170485438,34.2,22.3,1.0,7.9,1.6,17.07,1.4108273193882217,0.921560679434923,-0.28313767718203964,0.28313767718203964,1.6939649965702612,0.0005395714536818863
Aceh Tamiang,Aceh,2187.657145227374,2,0.0009142200387127,2,0.0009142200387127,27.4,21.5,1.7,4.2,1.5,10.84,0.5746364666485617,0.0270553733154924,-0.27851144214835805,0.27851144214835805,0.8531479087969198,0.0009138023940997744
Aceh Tengah,Aceh,4468.417487002374,3,0.0006713786276072,0,0.0,31.4,17.7,0.9,3.0,2.8,12.29,1.0665134388483617,0.2352468169548461,-0.2898078481716705,0.2898078481716705,1.356321287020032,0.0
Aceh Tenggara,Aceh,4179.123006954793,0,0.0,0,0.0,30.9,21.6,0.9,8.4,1.7,9.78,1.0050288173233863,-0.1251397510001731,-0.2898078481716705,0.2898078481716705,1.294836665495057,0.0
Aceh Timur,Aceh,5409.406451244259,3,0.0005545894964705,1,0.0001848631654901,36.7,33.0,3.2,11.3,2.0,11.24,1.7182504270130965,0.0844874956987625,-0.2875227848040251,0.2875227848040251,2.0057732118171216,0.00018484608040069254
Aceh Utara,Aceh,2705.255455415659,1,0.0003696508579247,10,0.0036965085792474,19.2,15.6,1.2,4.4,2.8,14.27,-0.4337113263610274,0.5195358227520328,-0.2441959372400834,0.2441959372400834,-0.18951538912094398,0.0036896932814502337
Adm. Kep. Seribu,DKI Jakarta,10.72510531995213,0,0.0,7,0.652674243392068,16.9,18.8,0.3,5.5,2.7,12.37,-0.7165405853759123,0.2467332414315001,5.920785256880334,-5.920785256880334,-6.637325842256247,0.5023947294798025
Agam,Sumatera Barat,2226.270330203364,3,0.0013475452461004,4,0.0017967269948005,27.0,,,,,5.97,0.525448769428582,-0.6721807167008199,-0.2676166765332705,0.2676166765332705,0.7930654459618525,0.0017951148116666872
Alor,Nusa Tenggara Timur,2928.558816372338,2,0.0006829297703767,1,0.0003414648851883,37.4,36.8,3.3,13.3,0.4,18.29,1.8043288971480609,1.0967286527038964,-0.2855873869539216,0.2855873869539216,2.0899162841019825,0.0003414065993223985
Asahan,Sumatera Utara,3737.830044344442,5,0.0013376745172149,0,0.0,13.9,14.9,2.6,6.1,2.0,7.18,-1.0854483145257618,-0.4984485464914281,-0.2898078481716705,0.2898078481716705,-0.7956404663540914,0.0
Asmat,Papua Selatan,25015.649229018767,0,0.0,4,0.000159899907589,28.3,24.5,2.8,10.0,3.4,28.47,0.6853087853935169,2.558376167358118,-0.2878313268875003,0.2878313268875003,0.9731401122810173,0.00015988712496138566
Badung,Bali,398.7492465435842,4,0.0100313669171103,7,0.0175548921049431,7.2,5.8,0.3,3.7,6.2,1.9,-1.9093422429604263,-1.2565525619505922,-0.07467745883489199,0.07467745883489199,-1.8346647841255344,0.017402584894157285
Balangan,Kalimantan Selatan,1828.5141020373144,0,0.0,13,0.0071095978890813,16.0,16.6,0.5,5.9,3.1,4.64,-0.827212904120867,-0.8631425236251927,-0.20223010192433963,0.20223010192433963,-0.6249828021965274,0.007084443851037018
Bandung,Jawa Barat,1740.8434417984884,4,0.0022977367774482,14,0.0080420787210689,24.1,12.4,0.0,2.2,2.1,6.04,0.1688379645837274,-0.6621300952837477,-0.19078946503616728,0.19078946503616728,0.3596274296198947,0.008009913540853682
Bandung Barat,Jawa Barat,1283.4388276128966,2,0.0015583134598786,5,0.0038957836496965,30.8,18.1,0.2,4.3,1.4,9.87,0.9927318930183916,-0.1122175234639374,-0.24174181918283222,0.24174181918283222,1.2344737122012237,0.003888214736105072
Banggai,Sulawesi Tengah,8252.88151662717,0,0.0,2,0.000242339599323,28.7,21.7,1.5,8.3,2.0,6.23,0.7344964826134968,-0.6348498371516944,-0.28681241407087477,0.28681241407087477,1.0213088966843715,0.0002423102398255168
Banggai Kepulauan,Sulawesi Tengah,2385.072933695765,0,0.0,0,0.0,28.4,27.2,3.4,12.7,0.9,11.49,0.6976057096985117,0.1203825721883062,-0.2898078481716705,0.2898078481716705,0.9874135578701821,0.0
Banggai Laut,Sulawesi Tengah,688.1511757007103,1,0.0014531690641692,1,0.0014531690641692,26.6,28.7,2.0,11.2,1.6,12.71,0.4762610722086021,0.2955505454572799,-0.2718568424559007,0.2718568424559007,0.7481179146645027,0.0014521142357770093
Bangka,Kepulauan Bangka Belitung,3016.846836930417,4,0.0013258876622553,1,0.0003314719155638,21.2,16.3,1.3,6.4,5.3,4.71,-0.1877728402611276,-0.8530919022081205,-0.28571087828382735,0.28571087828382735,0.09793803802269976,0.0003314169908853866
Bangka Barat,Kepulauan Bangka Belitung,2851.408296822132,1,0.000350703896427,1,0.000350703896427,19.9,14.1,1.1,5.4,6.9,2.92,-0.3476328562260625,-1.1101006498732535,-0.28547321400430803,0.28547321400430803,-0.06215964222175446,0.0003506424141898022
Bangka Selatan,Kepulauan Bangka Belitung,3598.238755703261,0,0.0,2,0.0005558274855524,24.6,20.2,2.2,7.4,5.8,4.17,0.2303225861087023,-0.930625267425535,-0.282938629330642,0.282938629330642,0.5132612154393443,0.0005556730706715926
Bangka Tengah,Kepulauan Bangka Belitung,2259.981610171408,3,0.0013274444298564,0,0.0,21.2,18.4,0.8,7.3,5.6,6.7,-0.1877728402611276,-0.5673670933513522,-0.2898078481716705,0.2898078481716705,0.1020350079105429,0.0
Bangkalan,Jawa Timur,1301.0297189726275,3,0.0023058658509115,2,0.0015372439006076,17.6,13.5,0.8,4.8,3.1,18.25,-0.630462115240947,1.0909854404655694,-0.2708190627861081,0.2708190627861081,-0.35964305245483885,0.0015360635507049134
Bangli,Bali,526.7640499393956,2,0.0037967663135517,2,0.0037967663135517,8.3,,,,,4.83,-1.7740760756054812,-0.8358622654931395,-0.24296117942097978,0.24296117942097978,-1.5311148961845014,0.00378957678854991
Banjar,Kalimantan Selatan,4588.436347208988,18,0.0039229050242679,13,0.0028332091841935,32.3,28.8,2.4,12.2,3.1,2.74,1.1771857575933162,-1.1359451049457252,-0.25483329742741817,0.25483329742741817,1.4320190550207343,0.0028292032117742706
Banjarnegara,Jawa Tengah,1144.8962473606452,3,0.0026203247734595,2,0.0017468831823063,20.6,14.8,0.3,3.6,3.1,13.28,-0.2615543860910972,0.3773913198534395,-0.2682317548986968,0.2682317548986968,0.00667736880759956,0.001745359156485239
Bantaeng,Sulawesi Selatan,390.96941271591993,1,0.0025577448451871,3,0.0076732345355615,24.3,23.7,1.2,9.0,1.8,7.68,0.1934318131937173,-0.4266583935123406,-0.1953135603817763,0.1953135603817763,0.3887453735754936,0.007643945006310788
Bantul,Daerah Istimewa Yogyakarta,511.7064485605816,10,0.0195424545227635,46,0.0898952908047122,16.5,14.8,0.6,6.5,3.0,11.54,-0.7657282825958921,0.1275615874862148,0.7743314328692898,-0.7743314328692898,-1.540059715465182,0.08608162814474513
Banyuasin,Sumatera Selatan,12262.727618692606,1,8.154792564059375e-05,0,0.0,16.8,14.6,0.9,5.3,3.5,,-0.728837509680907,,-0.2898078481716705,0.2898078481716705,-0.4390296615092365,0.0
Banyumas,Jawa Tengah,1391.1529934670418,17,0.0122200793728894,8,0.005750625587242,19.6,17.0,0.2,4.9,2.8,11.15,-0.3845236291410472,0.0715652681625268,-0.218922358484677,0.218922358484677,-0.1656012706563702,0.005734153858247683
Banyuwangi,Jawa Timur,3592.89823524983,9,0.0025049415292927,29,0.0080714782610544,17.6,21.1,0.0,8.9,3.1,6.13,-0.630462115240947,-0.6492078677475119,-0.1904289332642994,0.1904289332642994,-0.44003318197664754,0.008039078108380912
Barito Kuala,Kalimantan Selatan,2426.1792368742667,0,0.0,9,0.0037095363208181,16.5,18.8,1.3,9.4,4.6,4.31,-0.7657282825958921,-0.9105240245913906,-0.24403548273874076,0.24403548273874076,-0.5216927998571513,0.003702672958983816
Barito Selatan,Kalimantan Tengah,6267.084455605191,1,0.0001595638302122,8,0.0012765106416979,33.3,25.8,1.1,7.5,4.3,4.94,1.300155000643266,-0.8200684318377401,-0.2740377136337751,0.2740377136337751,1.574192714277041,0.001275696594674865
Barito Timur,Kalimantan Tengah,3212.5152561831,0,0.0,21,0.0065369339366035,21.7,21.0,2.2,8.3,5.5,6.1,-0.1262882187361526,-0.6535152769262572,-0.20926138556265017,0.20926138556265017,0.08297316682649758,0.006515660840845721
Barito Utara,Kalimantan Tengah,9984.806310742302,0,0.0,13,0.0013019781851966,20.4,12.1,0.3,3.3,6.8,5.52,-0.2861482347010876,-0.7367918543819988,-0.27372328976458027,0.27372328976458027,-0.01242494493650731,0.0013011313465631587
Barru,Sulawesi Selatan,1201.9034569047517,2,0.0016640271633385,5,0.0041600679083463,26.9,25.2,1.5,8.6,2.0,8.0,0.5131518451235868,-0.3807126956057246,-0.23848784945206794,0.23848784945206794,0.7516396945756547,0.004151438749491647
Batang,Jawa Tengah,857.2653890471804,1,0.0011664999109686,3,0.0034994997329058,20.7,15.5,0.7,5.4,2.9,7.79,-0.2492574617861025,-0.4108645598569413,-0.2466226252394161,0.2466226252394161,-0.002634836546686392,0.0034933907318652497
Batanghari,Jambi,5453.689662793326,1,0.0001833621019586,16,0.0029337936313385,18.4,17.1,1.6,7.0,3.6,,-0.5320867208009874,,-0.2535934497037948,0.2535934497037948,-0.2784932710971926,0.002929498457521283
Batu Bara,Sumatera Utara,888.1423927125336,1,0.0011259455783276,3,0.0033778367349828,23.0,19.5,2.2,8.7,2.4,10.1,0.0335717972287823,-0.079194053093557,-0.24812146665061482,0.24812146665061482,0.28169326387939714,0.003372144658813101
Bekasi,Jawa Barat,1251.0541726461558,13,0.0103912366740308,23,0.0183844956540545,18.2,14.9,0.7,4.8,3.7,4.36,-0.5566805694109773,-0.9033450092934816,-0.06460295239583266,0.06460295239583266,-0.49207761701514463,0.01821754392487797
Belitung,Kepulauan Bangka Belitung,2270.70790549342,0,0.0,2,0.0008807825943449,18.1,14.1,0.9,5.4,7.2,6.44,-0.5689774937159721,-0.6046979729004777,-0.2789244244819299,0.2789244244819299,-0.29005306923404217,0.0008803949329692112
Belitung Timur,Kepulauan Bangka Belitung,2588.4027439417428,3,0.0011590159247905,0,0.0,17.1,12.9,1.3,3.7,8.0,6.69,-0.691946736765922,-0.5688028964109338,-0.2898078481716705,0.2898078481716705,-0.4021388885942515,0.0
Belu,Nusa Tenggara Timur,1127.250087796227,4,0.0035484583619061,15,0.0133067188571481,44.3,44.8,3.1,14.7,0.8,12.79,2.652816674192715,0.3070369699339337,-0.12639531579958388,0.12639531579958388,2.779211989992299,0.013218962119399135
Bener Meriah,Aceh,1907.399161618776,0,0.0,1,0.0005242741111154,32.8,13.2,0.3,3.2,4.1,16.2,1.2386703791182911,0.7966458132513106,-0.28332848094376617,0.28332848094376617,1.5219988600620573,0.0005241367274593059
Bengkalis,Riau,8616.366877659657,5,0.0005802909823819,7,0.0008124073753346,12.5,15.3,0.9,6.4,1.8,6.08,-1.2576052547956915,-0.6563868830454207,-0.27976896252340855,0.27976896252340855,-0.977836292272283,0.0008120775510851978
Bengkayang,Kalimantan Barat,5488.607045005532,0,0.0,2,0.0003643911804216,23.4,21.5,3.5,8.1,7.8,5.83,0.0827594944487621,-0.6922819595349644,-0.285304072562844,0.285304072562844,0.36806356701160614,0.00036432480607907596
Bengkulu Selatan,Bengkulu,1219.218041095919,0,0.0,1,0.0008201978368866,18.3,14.8,1.4,6.7,3.5,15.72,-0.5443836451059821,0.7277272663913867,-0.27967273555148237,0.27967273555148237,-0.2647109095544998,0.0008198616584501089
Bengkulu Tengah,Bengkulu,1132.3798240158442,0,0.0,1,0.000883095917811,23.4,15.9,1.2,4.8,3.5,9.74,0.0827594944487621,-0.1308829632385,-0.2788958524245969,0.2788958524245969,0.361655346873359,0.0008827062180222919
Bengkulu Utara,Bengkulu,4481.991223179112,0,0.0,2,0.0004462302357168,20.7,,,,,10.07,-0.2492574617861025,-0.0835014622723022,-0.2842927897615395,0.2842927897615395,0.035035327975436986,0.00044613070461325716
Berau,Kalimantan Timur,21008.64185743169,1,4.759945963124007e-05,7,0.0003331962174186,23.4,20.1,3.4,7.5,3.9,4.44,0.0827594944487621,-0.8918585848168277,-0.28568956958208347,0.28568956958208347,0.36844906403084554,0.00033314071988631863
Biak Numfor,Papua,2257.778569197188,0,0.0,0,0.0,20.6,19.5,1.8,7.7,2.2,25.73,-0.2615543860910972,2.164966129032719,-0.2898078481716705,0.2898078481716705,0.028253462080573277,0.0
Bima,Nusa Tenggara Barat,4216.088646752663,0,0.0,30,0.0071155999110945,23.8,28.6,3.9,12.9,1.6,12.59,0.1319471916687423,0.2783209087422987,-0.2021564290596772,0.2021564290596772,0.3341036207284195,0.007090403484567343
Bintan,Kepulauan Riau,1317.1488945883668,3,0.0022776468266615,2,0.0015184312177743,16.3,14.0,0.9,5.4,4.8,4.77,-0.790322131205882,-0.84447708385063,-0.27105127000168455,0.27105127000168455,-0.5192708612041974,0.001517279566747262
Bireuen,Aceh,1796.9923912780966,3,0.0016694561504883,6,0.0033389123009767,27.1,25.5,2.0,12.7,1.2,10.3,0.5377456937335772,-0.0504779919019219,-0.2486010391032779,0.2486010391032779,0.7863467328368551,0.0033333505100826624
Blitar,Jawa Timur,1745.2181875975652,3,0.0017189827732254,5,0.0028649712887091,17.8,14.2,0.5,4.4,4.2,7.57,-0.6058682666309572,-0.4424522271677398,-0.2544417704534452,0.2544417704534452,-0.351426496177512,0.002860875080281193
Blora,Jawa Tengah,1957.2890633454376,6,0.0030654644285114,1,0.0005109107380852,21.7,20.4,0.4,7.8,3.2,10.58,-0.1262882187361526,-0.010275506233633,-0.2834935932199268,0.2834935932199268,0.1572053744837742,0.0005107802676313337
Boalemo,Gorontalo,1830.864701362373,3,0.0016385700143586,1,0.0005461900047862,8.0,17.8,1.1,8.7,1.8,16.37,-1.8109668485204664,0.8210544652642006,-0.2830577020555573,0.2830577020555573,-1.527909146464909,0.0005460408973170715
Bogor,Jawa Barat,2991.778469861169,15,0.0050137402054023,26,0.0086904830226973,18.9,16.4,0.6,4.8,3.7,6.26,-0.4706020992760125,-0.6305424279729492,-0.1828404084277138,0.1828404084277138,-0.2877616908482987,0.008652938140416495
Bojonegoro,Jawa Timur,2312.626955893892,5,0.0021620434663088,16,0.0069185390921881,12.0,14.3,0.6,6.5,3.2,11.49,-1.3190898763206669,0.1203825721883062,-0.2045755158759058,0.2045755158759058,-1.1145143604447612,0.006894715818982119
Bolaang Mongondow,Sulawesi Utara,3291.4947586573217,1,0.000303813335072,4,0.0012152533402883,19.3,19.1,2.7,7.1,2.8,6.98,-0.4214144020560322,-0.5271646076830631,-0.2747940328243343,0.2747940328243343,-0.1466203692316979,0.0012145155176482144
Bolaang Mongondow Selatan,Sulawesi Utara,1773.8805963960838,0,0.0,7,0.0039461506113892,23.6,22.4,4.7,8.0,4.4,10.52,0.1073533430587524,-0.0188903245911235,-0.2411216156566494,0.2411216156566494,0.3484749587154018,0.003938384981923552
Bolaang Mongondow Timur,Sulawesi Utara,859.9733386717159,0,0.0,4,0.0046513069883983,18.8,18.3,2.2,8.7,3.7,5.32,-0.4828990235810072,-0.7655079155736336,-0.23244179913811472,0.23244179913811472,-0.25045722444289253,0.004640523086610582
Bolaang Mongondow Utara,Sulawesi Utara,1644.419989812944,0,0.0,3,0.0018243514543637,26.3,31.9,4.4,15.3,2.1,7.15,0.4393702992936171,-0.5027559556701734,-0.2672758007127629,0.2672758007127629,0.70664610000638,0.001822689346454804
Bombana,Sulawesi Tenggara,3293.96632885921,1,0.0003035853740333,1,0.0003035853740333,24.7,25.2,2.3,10.7,1.5,10.14,0.2426195104136971,-0.0734508408552299,-0.28605550169735483,0.28605550169735483,0.528675012111052,0.000303539301318069
Bondowoso,Jawa Timur,1554.9918366234235,0,0.0,4,0.0025723607711573,11.2,13.0,0.4,4.3,1.7,12.2,-1.4174652707606268,0.2223245894186104,-0.2580492081395171,0.2580492081395171,-1.1594160626211096,0.0025690579140696308
Bone,Sulawesi Selatan,4567.238135192975,2,0.0004379014057946,5,0.0010947535144866,26.0,23.2,1.9,7.0,5.1,9.13,0.402479526378632,-0.2184669498729867,-0.27628193061742773,0.27628193061742773,0.6787614569960597,0.0010941547088477313
Bone Bolango,Gorontalo,1888.997595767164,0,0.0,11,0.0058231942828559,23.0,22.6,1.7,9.6,2.2,13.16,0.0335717972287823,0.3601616831384586,-0.218030427317013,0.218030427317013,0.2516022245457953,0.005806305021608982
Boven Digoel,Papua Selatan,23558.315280210896,1,4.244785707745431e-05,0,0.0,30.2,22.1,2.3,8.9,2.6,21.96,0.9189503471884216,1.623668375570399,-0.2898078481716705,0.2898078481716705,1.208758195360092,0.0
Boyolali,Jawa Tengah,1096.593901238574,8,0.0072953168816315,6,0.0054714876612236,24.5,14.3,0.0,3.1,4.1,8.71,0.2180256618037072,-0.2787706783754202,-0.22235380166964794,0.22235380166964794,0.4403794634733551,0.005456573449826393
Brebes,Jawa Tengah,1742.810463456239,6,0.0034427151579645,3,0.0017213575789822,23.1,20.9,0.9,7.1,2.4,14.15,0.0458687215337774,0.5023061860370519,-0.2685467556222773,0.2685467556222773,0.3144154771560547,0.0017198777410016757
Buleleng,Bali,1322.6820473930222,5,0.0037801979771744,5,0.0037801979771744,14.8,8.9,0.5,3.4,6.4,5.2,-0.9747759957808068,-0.7827375522886146,-0.24316522382906233,0.24316522382906233,-0.7316107719517444,0.0037730709841176206
Bulukumba,Sulawesi Selatan,1175.5280480840795,1,0.0008506815312742,1,0.0008506815312742,25.2,22.2,1.6,8.4,2.1,6.06,0.304104131938672,-0.6592584891645842,-0.27929621132429555,0.27929621132429555,0.5834003432629675,0.0008503199068106775
Bulungan,Kalimantan Utara,13879.786778115931,2,0.000144094432571,6,0.0004322832977131,15.9,13.9,0.9,5.5,4.7,7.26,-0.839509828425862,-0.4869621220147742,-0.28446512581674394,0.28446512581674394,-0.5550447026091181,0.000432189890206393
Bungo,Jambi,4760.829242260768,2,0.0004200948822626,3,0.0006301423233939,20.4,12.8,0.7,5.0,4.5,5.17,-0.2861482347010876,-0.7870449614673599,-0.2820204953036459,0.2820204953036459,-0.004127739397441654,0.0006299438670861366
Buol,Sulawesi Tengah,3723.5774853461808,1,0.0002685589339648,0,0.0,36.9,30.1,2.5,11.6,2.7,12.48,1.742844275623086,0.2625270750868996,-0.2898078481716705,0.2898078481716705,2.0326521237947563,0.0
Buru,Maluku,4915.566509770675,1,0.0002034353513501,0,0.0,25.4,26.5,2.5,10.6,3.0,15.11,0.3286979805486619,0.6401432797568998,-0.2898078481716705,0.2898078481716705,0.6185058287203324,0.0
Buru Selatan,Maluku,3678.6958554695566,0,0.0,2,0.0005436709308344,39.7,31.8,2.6,7.8,3.2,14.84,2.087158156162946,0.6013765971481926,-0.28308882583460115,0.28308882583460115,2.370246981997547,0.0005435231953377876
Buton,Sulawesi Tenggara,1669.5167231445764,2,0.0011979514624046,0,0.0,28.8,29.4,3.0,12.3,1.4,13.46,0.7467934069184918,0.4032357749259112,-0.2898078481716705,0.2898078481716705,1.0366012550901624,0.0
Buton Selatan,Sulawesi Tenggara,517.6314272187321,0,0.0,3,0.0057956295585049,38.9,32.8,1.9,8.7,1.1,13.64,1.9887827617229856,0.4290802299983826,-0.2183692137114059,0.2183692137114059,2.2071519754343916,0.005778899507178483
Buton Tengah,Sulawesi Tenggara,836.9553444669563,0,0.0,6,0.0071688412526014,31.8,32.2,2.0,10.8,0.3,13.4,1.1157011360683415,0.3946209565684206,-0.2015029281604485,0.2015029281604485,1.31720406422879,0.007143267261332198
Buton Utara,Sulawesi Tenggara,1755.877370534654,0,0.0,6,0.0034170951233189,30.5,29.9,3.4,10.0,1.9,13.22,0.9558411201034066,0.3687765014959491,-0.24763779852360746,0.24763779852360746,1.203478918627014,0.003411270119733769
Ciamis,Jawa Barat,1595.9369461325718,4,0.002506364684202,7,0.0043861381973536,20.3,16.8,0.4,4.1,2.5,7.19,-0.2984451590060823,-0.4970127434318463,-0.2357050643980638,0.2357050643980638,-0.06274009460801852,0.004376547128153518
Cianjur,Jawa Barat,3631.91547332516,3,0.0008260104129718,10,0.0027533680432393,7.2,6.0,0.6,2.8,2.0,9.82,-1.9093422429604263,-0.119396538761846,-0.2558175426562722,0.2558175426562722,-1.6535247003041542,0.002749584468905787
Cilacap,Jawa Tengah,2323.925972483285,6,0.002581837834356,18,0.0077455135030681,15.6,14.9,0.6,4.7,2.0,9.41,-0.8764006013408471,-0.1782644642046978,-0.19442688501361335,0.19442688501361335,-0.6819737163272337,0.007715671011249393
Cirebon,Jawa Barat,1076.759131627805,7,0.0065009896776242,39,0.0362197996324779,18.0,17.6,1.3,6.3,2.7,10.23,-0.5812744180209672,-0.0605286133189942,0.15002250353309352,-0.15002250353309352,-0.7312969215540608,0.03557928314156897
Dairi,Sumatera Utara,2083.604655754554,1,0.0004799374954544,0,0.0,29.0,11.5,0.5,0.9,2.2,6.98,0.7713872555284818,-0.5271646076830631,-0.2898078481716705,0.2898078481716705,1.0611951037001521,0.0
Deiyai,Papua Tengah,2846.4116155651795,0,0.0,0,0.0,30.6,26.6,0.9,5.4,6.3,37.29,0.9681380444084018,3.824754465909222,-0.2898078481716705,0.2898078481716705,1.2579458925800724,0.0
Deli Serdang,Sumatera Utara,2581.232375070439,11,0.0042615303086378,2,0.0007748236924796,19.6,16.7,1.2,6.1,3.4,3.11,-0.3845236291410472,-1.0828203917412007,-0.2802332027940806,0.2802332027940806,-0.10429042634696661,0.0007745236715679242
Demak,Jawa Tengah,977.7704947286644,3,0.0030682046719281,11,0.0112500837970699,10.0,13.1,0.7,7.7,2.9,10.87,-1.5650283624205663,0.0313627824942376,-0.15151102327130336,0.15151102327130336,-1.413517339149263,0.011187272255401405
Dharmasraya,Sumatera Barat,2920.9250280108745,1,0.0003423572979142,1,0.0003423572979142,20.5,18.5,2.1,6.3,2.6,4.61,-0.2738513103960924,-0.8674499328039379,-0.28557635873719744,0.28557635873719744,0.011725048341105049,0.00034229870702677957
Dogiyai,Papua Tengah,3792.9284822872623,0,0.0,0,0.0,55.8,35.0,3.2,11.1,4.4,29.34,4.066962969267139,2.6832910335417304,-0.2898078481716705,0.2898078481716705,4.356770817438809,0.0
Dompu,Nusa Tenggara Barat,2281.751581989484,1,0.0004382598035181,10,0.0043825980351817,19.8,34.4,3.5,1.2,1.2,11.15,-0.3599297805310573,0.0715652681625268,-0.23574863677123278,0.23574863677123278,-0.1241811437598245,0.00437302241960141
Donggala,Sulawesi Tengah,5126.585601625921,0,0.0,1,0.0001950616019525,29.6,28.4,1.9,10.5,2.9,14.66,0.8451688013584518,0.5755321420757211,-0.28739673589100184,0.28739673589100184,1.1325655372494536,0.00019504257991182815
Empat Lawang,Sumatera Selatan,2234.0969440238064,0,0.0,0,0.0,31.9,21.7,1.9,6.8,2.4,10.48,1.1279980603733364,-0.0246335368294504,-0.2898078481716705,0.2898078481716705,1.4178059085450068,0.0
Ende,Nusa Tenggara Timur,2085.2438695565265,2,0.0009591204315231,2,0.0009591204315231,30.7,32.1,2.5,12.6,0.8,21.31,0.9804349687133964,1.530341176697585,-0.2779569038539156,0.2779569038539156,1.258391872567312,0.0009586607694127522
Enrekang,Sulawesi Selatan,1806.8155647090543,2,0.001106919842326,45,0.0249056964523361,34.3,17.4,0.8,3.6,1.7,10.73,1.423124243693216,0.0112615396600932,0.014304313413883647,-0.014304313413883647,1.4088199302793325,0.024600604896657947
Fak Fak,Papua Barat,9736.967895558517,0,0.0,7,0.000718909631323,21.0,21.2,1.7,7.8,2.3,19.86,-0.2123666888711174,1.3221497330582312,-0.2809238953898683,0.2809238953898683,0.06855720651875089,0.0007186513395788637
Flores Timur,Nusa Tenggara Timur,1748.516551856301,1,0.0005719133736185,6,0.0034314802417112,31.3,34.6,6.6,14.6,0.7,10.88,1.0542165145433666,0.0327985855538196,-0.24746057684984843,0.24746057684984843,1.301677091393215,0.0034256061474432138
Garut,Jawa Barat,3101.235292822821,2,0.0006449043078506,12,0.003869425847104,14.2,11.0,0.3,2.5,1.8,9.39,-1.0485575416107769,-0.1811360703238612,-0.24206639359134485,0.24206639359134485,-0.806491148019432,0.003861958874643442
Gayo Lues,Aceh,5541.284684685104,1,0.000180463567007,0,0.0,20.6,18.2,2.7,5.1,0.5,16.77,-0.2615543860910972,0.8784865876474703,-0.2898078481716705,0.2898078481716705,0.028253462080573277,0.0
Gianyar,Bali,364.3581640525248,2,0.0054891043959472,3,0.0082336565939209,5.4,4.8,0.2,1.6,6.0,3.71,-2.130686880450336,-0.9966722081662956,-0.18844030057385205,0.18844030057385205,-1.942246579876484,0.008199944963712215
Gorontalo,Gorontalo,2160.363720227071,0,0.0,4,0.0018515400728816,28.3,25.2,1.5,9.4,3.2,14.89,0.6853087853935169,0.6085556124461015,-0.2669403121907779,0.2669403121907779,0.9522490975842948,0.0018498280854440175
Gorontalo Utara,Gorontalo,1703.5857971791972,0,0.0,0,0.0,25.6,27.1,3.2,11.4,4.8,15.89,0.3532918291586522,0.7521359184042765,-0.2898078481716705,0.2898078481716705,0.6430996773303227,0.0
Gowa,Sulawesi Selatan,1812.996504232585,1,0.0005515730436685,14,0.0077220226113596,17.0,14.2,0.2,5.9,3.9,6.64,-0.7042436610709172,-0.5759819117088427,-0.19471505032041805,0.19471505032041805,-0.5095286107504992,0.007692360398412779
Gresik,Jawa Timur,1256.3636353623097,5,0.0039797395111313,6,0.0047756874133576,15.2,14.1,0.9,3.9,4.6,9.95,-0.925588298560827,-0.1007310989872834,-0.23091142434971956,0.23091142434971956,-0.6946768742111075,0.004764319995345932
Grobogan,Jawa Tengah,2023.8491887452788,4,0.0019764318518613,4,0.0019764318518613,25.6,21.4,0.9,7.1,2.2,10.63,0.3532918291586522,-0.0030964909357241,-0.26539935201354226,0.26539935201354226,0.6186911811721945,0.00197448128012066
Gunung Mas,Kalimantan Tengah,9305.756683108291,0,0.0,1,0.0001074603639503,14.1,14.8,2.3,7.3,4.0,5.48,-1.060854465915772,-0.7425350666203256,-0.2884794967784338,0.2884794967784338,-0.772374969137338,0.00010745459049899758
Gunungkidul,Daerah Istimewa Yogyakarta,1475.1330564594896,3,0.0020337148482052,8,0.0054232395952138,19.7,17.5,0.6,4.5,3.4,,-0.3722267048360524,,-0.22294701181809312,0.22294701181809312,-0.1492796930179593,0.005408586784622009
Halmahera Barat,Maluku Utara,2239.1144192918823,1,0.0004466051361128,2,0.0008932102722256,22.1,24.8,4.2,9.4,2.6,7.9,-0.0771005215161724,-0.395070726201542,-0.27877092993782576,0.27877092993782576,0.20167040842165335,0.0008928115973130845
Halmahera Selatan,Maluku Utara,8096.396178100628,0,0.0,2,0.0002470234850178,32.3,32.2,2.8,13.5,1.2,4.81,1.1771857575933162,-0.8387338716123031,-0.28675452613829705,0.28675452613829705,1.4639402837316133,0.0002469929797403014
Halmahera Tengah,Maluku Utara,2276.9034678739927,4,0.0017567718862209,0,0.0,19.7,17.9,1.5,7.0,2.3,9.16,-0.3722267048360524,-0.2141595406942415,-0.2898078481716705,0.2898078481716705,-0.08241885666438192,0.0
Halmahera Timur,Maluku Utara,6488.730377977716,0,0.0,3,0.00046234006119,24.3,24.3,2.3,11.4,2.4,10.54,0.1934318131937173,-0.0160187184719601,-0.28409373086653644,0.28409373086653644,0.4775255440602537,0.00046223321495550396
Halmahera Utara,Maluku Utara,3404.628674542638,0,0.0,1,0.0002937177870459,21.8,24.5,4.6,13.5,1.5,4.35,-0.1139912944311574,-0.9047808123530636,-0.28617744818115143,0.28617744818115143,0.17218615374999402,0.0002936746604211843
Hulu Sungai Selatan,Kalimantan Selatan,1697.2250729562456,2,0.0011783940927271,11,0.0064811675099991,19.8,19.7,1.8,7.7,2.7,3.12,-0.3599297805310573,-1.081384588681619,-0.2099463107457128,0.2099463107457128,-0.1499834697853445,0.006460255053308499
Hulu Sungai Tengah,Kalimantan Selatan,1573.5379605680953,1,0.0006355105660361,12,0.0076261267924338,19.6,17.3,1.3,6.3,3.2,5.03,-0.3845236291410472,-0.8071462043015044,-0.19589148438002169,0.19589148438002169,-0.18863214476102552,0.007597194886660834
Hulu Sungai Utara,Kalimantan Selatan,907.4910728098264,0,0.0,16,0.0176310274330962,27.6,30.3,0.4,10.6,2.5,4.81,0.5992303152585521,-0.8387338716123031,-0.07375254743428551,0.07375254743428551,0.6729828626928376,0.0174774039339882
Humbang Hasundutan,Sumatera Utara,2351.5132988875084,1,0.0004252580669958,0,0.0,18.3,,,,,7.8,-0.5443836451059821,-0.4094287567973596,-0.2898078481716705,0.2898078481716705,-0.25457579693431165,0.0
Indragiri Hilir,Riau,13521.258513575722,1,7.395761267310821e-05,3,0.0002218728380193,25.0,21.4,1.8,7.6,3.1,4.95,0.2795102833286821,-0.8186326287781585,-0.28706536503321406,0.28706536503321406,0.5665756483618962,0.00022184822788132145
Indragiri Hulu,Riau,7871.817962617171,1,0.0001270354579779,2,0.0002540709159558,20.0,18.4,1.9,6.6,3.1,5.83,-0.3353359319210674,-0.6922819595349644,-0.2866674277671568,0.2866674277671568,-0.04866850415391061,0.00025403864540652233
Indramayu,Jawa Barat,2076.055568027521,4,0.0019267307010478,2,0.0009633653505239,9.8,12.6,0.4,6.3,3.5,11.02,-1.5896222110305565,0.0528998283879639,-0.2779044786476474,0.2779044786476474,-1.311717732382909,0.0009629016119338334
Intan Jaya,Papua Tengah,5334.448874944762,0,0.0,0,0.0,48.4,42.4,2.9,10.4,4.7,39.21,3.1569905706975097,4.100428653348918,-0.2898078481716705,0.2898078481716705,3.44679841886918,0.0
Jayapura,Papua,14082.209363663853,0,0.0,4,0.0002840463379504,22.5,18.3,2.4,6.7,4.4,13.03,-0.0279128242961926,0.3414962433638957,-0.28629697190369413,0.28629697190369413,0.2583841476075015,0.0002840060044268942
Jayawijaya,Papua Pegunungan,2629.0096941922134,1,0.000380371362726,2,0.0007607427254521,41.3,20.4,1.2,6.2,8.5,29.08,2.283908945042865,2.645960153992605,-0.28040713786861404,0.28040713786861404,2.5643160829114793,0.0007604535073760057
Jember,Jawa Timur,3313.4596000684305,8,0.002414394912144,16,0.004828789824288,30.4,27.5,1.6,5.1,2.9,8.67,0.9435441957984114,-0.2845138906137474,-0.23025811082721834,0.23025811082721834,1.1738023066256298,0.0048171686146083175
Jembrana,Bali,849.1337633094756,3,0.0035330122645313,0,0.0,7.5,8.1,0.3,2.7,5.0,4.33,-1.872451470045441,-0.907652418472227,-0.2898078481716705,0.2898078481716705,-1.5826436218737707,0.0
Jeneponto,Sulawesi Selatan,796.0006466601814,1,0.0012562803864491,0,0.0,37.0,26.1,1.0,6.4,2.5,11.42,1.755141199928081,0.1103319507712339,-0.2898078481716705,0.2898078481716705,2.0449490480997516,0.0
Jepara,Jawa Tengah,1020.245727077299,4,0.003920624114211,7,0.0068610921998692,15.6,15.1,1.0,5.6,2.7,5.79,-0.8764006013408471,-0.6980251717732915,-0.20528081378110521,0.20528081378110521,-0.6711197875597419,0.006837662016826395
Jombang,Jawa Timur,1109.8354053619628,6,0.0054062070564807,33,0.029734138810644,17.2,17.5,0.9,7.3,5.5,8.36,-0.6796498124609273,-0.3290237854607817,0.07240618799348325,-0.07240618799348325,-0.7520560004544106,0.02930065126387893
Kaimana,Papua Barat,17848.792688420017,1,5.602619837972472e-05,2,0.0001120523967594,20.2,18.8,6.5,10.8,3.2,13.83,-0.3107420833110775,0.4563604881304358,-0.2884227363950076,0.2884227363950076,-0.022319346916069904,0.00011204611935851773
Kampar,Riau,10352.80236493468,1,9.65922041926577e-05,5,0.0004829610209632,16.2,16.0,1.8,7.6,2.7,6.29,-0.8026190555108772,-0.626235018794204,-0.2838389354236648,0.2838389354236648,-0.5187801200872124,0.00048284443282615514
Kapuas,Kalimantan Tengah,17033.65215334837,4,0.0002348292640937,9,0.0005283658442109,22.5,20.2,1.9,7.8,3.6,5.48,-0.0279128242961926,-0.7425350666203256,-0.2832779256333583,0.2832779256333583,0.2553651013371657,0.0005282263081268061
Kapuas Hulu,Kalimantan Barat,31318.2468274356,1,3.1930267537325045e-05,5,0.0001596513376866,23.6,21.8,3.0,10.6,4.0,6.86,0.1073533430587524,-0.5443942443980441,-0.28783439921253584,0.28783439921253584,0.3951877422712882,0.00015963859476805206
Karanganyar,Jawa Tengah,803.0214007462848,5,0.0062264841202902,5,0.0062264841202902,17.4,15.1,0.6,4.7,4.2,8.48,-0.6550559638509373,-0.3117941487458005,-0.21307482345773615,0.21307482345773615,-0.4419811403932012,0.006207179659212472
Karangasem,Bali,839.3174484204018,1,0.0011914443121395,11,0.0131058874335354,13.0,10.5,0.1,2.6,2.7,6.4,-1.1961206332707168,-0.6104411851388046,-0.12884563005983282,0.12884563005983282,-1.067275003210884,0.013020748366043295
Karawang,Jawa Barat,1913.712827242588,12,0.0062705332948467,33,0.0172439665608286,17.6,14.7,0.7,7.3,2.4,7.08,-0.630462115240947,-0.5128065770872456,-0.07845538024106917,0.07845538024106917,-0.5520067349998778,0.017096976754846338
Karimun,Kepulauan Riau,930.45256592234,1,0.0010747458136232,1,0.0010747458136232,21.4,20.7,1.0,9.6,3.6,5.16,-0.1631789916511377,-0.7884807645269417,-0.2765289973901277,0.2765289973901277,0.11335000573899001,0.0010741686878132683
Karo,Sumatera Utara,2206.8762800323298,5,0.0022656458113396,2,0.0009062583245358,17.6,14.3,1.2,6.2,2.8,6.66,-0.630462115240947,-0.5731103055896791,-0.278609775185385,0.278609775185385,-0.351852340055562,0.0009058479203964664
Katingan,Kalimantan Tengah,20382.272369929804,9,0.0004415601870416,0,0.0,19.6,21.9,2.7,9.8,4.2,5.3,-0.3845236291410472,-0.7683795216927972,-0.2898078481716705,0.2898078481716705,-0.09471578096937672,0.0
Kaur,Bengkulu,2608.556497477615,1,0.0003833537824336,2,0.0007667075648673,15.9,11.9,1.3,4.5,3.1,15.82,-0.839509828425862,0.7420852969872042,-0.2803334569209043,0.2803334569209043,-0.5591763715049577,0.0007664137947698684
Kayong Utara,Kalimantan Barat,4110.1228530543385,0,0.0,3,0.0007299051895177,23.8,24.8,2.9,9.9,5.1,8.75,0.1319471916687423,-0.2730274661370933,-0.2807880669253088,0.2807880669253088,0.4127352585940511,0.0007296389382757557
Kebumen,Jawa Tengah,1334.099595158972,8,0.0059965538023019,5,0.0037478461264387,18.0,17.9,0.1,4.7,1.8,13.58,-0.5812744180209672,0.4204654116408921,-0.24356365701780675,0.24356365701780675,-0.3377107610031605,0.0037408404498209544
Kediri,Jawa Timur,1523.5630859670966,3,0.0019690684472679,16,0.010501698385429,7.9,7.3,0.5,3.6,4.5,9.81,-1.8232637728254613,-0.1208323418214277,-0.1606630124134642,0.1606630124134642,-1.662600760411997,0.010446938597809536
Keerom,Papua,9526.31568334332,0,0.0,0,0.0,24.4,18.7,1.9,7.9,4.8,17.76,0.205728737498712,1.020631090546064,-0.2898078481716705,0.2898078481716705,0.4955365856703825,0.0
Kendal,Jawa Tengah,1008.1242512586768,2,0.001983882440585,9,0.0089274709826325,19.2,19.2,1.2,6.7,4.0,8.4,-0.4337113263610274,-0.3232805732224545,-0.17993635000960148,0.17993635000960148,-0.2537749763514259,0.008887856709171912
Kep. Siau Tagulandang Biaro,Sulawesi Utara,217.2867491982452,0,0.0,0,0.0,19.9,16.1,1.8,5.8,3.1,8.32,-0.3476328562260625,-0.3347669976991085,-0.2898078481716705,0.2898078481716705,-0.057825008054392,0.0
Kepahiang,Bengkulu,738.9652949946822,1,0.0013532435241186,17,0.0230051399100174,17.0,14.9,0.3,4.0,3.4,10.38,-0.7042436610709172,-0.0389915674252679,-0.00864067660067737,0.00864067660067737,-0.6956029844702398,0.02274451130683556
Kepulauan Anambas,Kepulauan Riau,627.0266730938461,0,0.0,3,0.0047844854592828,15.8,13.6,0.7,7.7,5.8,6.35,-0.8518067527308569,-0.6176202004367135,-0.2308031805055154,0.2308031805055154,-0.6210035722253415,0.004773076185923375
Kepulauan Aru,Maluku,8096.72935576585,1,0.0001235066600426,59,0.0072868929425169,37.6,40.5,4.5,14.3,1.6,23.1,1.8289227457580512,1.787349924362719,-0.20005404795843332,0.20005404795843332,2.0289767937164847,0.007260471812464027
Kepulauan Mentawai,Sumatera Barat,5983.222495174336,2,0.0003342680305826,3,0.000501402045874,26.2,21.1,1.2,8.4,0.7,13.22,0.4270733749886219,0.3687765014959491,-0.28361108000685187,0.28361108000685187,0.7106844549954738,0.000501276385870564
Kepulauan Meranti,Riau,3623.5584736281367,1,0.0002759718125919,1,0.0002759718125919,18.0,14.4,0.3,8.0,2.1,20.51,-0.5812744180209672,1.4154769319310452,-0.28639676107489076,0.28639676107489076,-0.2948776569460765,0.0002759337393758226
Kepulauan Sangihe,Sulawesi Utara,597.2599455520644,0,0.0,14,0.0234403798618362,24.2,19.0,3.8,9.7,6.2,10.91,0.1811348888887221,0.0371059947325647,-0.003382361945606544,0.003382361945606544,0.18451725083432863,0.023169873188377123
Kepulauan Selayar,Sulawesi Selatan,1160.358601142938,1,0.0008618025488112,22,0.0189596560738467,25.7,23.7,1.8,11.7,4.6,10.61,0.365588753463647,-0.0059680970548878,-0.057623158407811396,0.057623158407811396,0.4232119118714584,0.01878216177266198
Kepulauan Sula,Maluku Utara,1778.5212681470557,1,0.0005622648533418,0,0.0,22.5,23.1,3.7,12.3,2.3,7.65,-0.0279128242961926,-0.4309658026910858,-0.2898078481716705,0.2898078481716705,0.2618950238754779,0.0
Kepulauan Talaud,Sulawesi Utara,1012.1401041835668,1,0.0009880055101725,4,0.0039520220406902,11.6,8.1,0.8,5.7,2.9,8.34,-1.3682775735406467,-0.3318953915799451,-0.24104931867782955,0.24104931867782955,-1.1272282548628172,0.003944233315649819
Kepulauan Tanimbar,Maluku,4431.082108486255,0,0.0,0,0.0,29.5,39.4,8.5,18.2,1.4,,0.8328718770534568,,-0.2898078481716705,0.2898078481716705,1.1226797252251273,0.0
Kepulauan Yapen,Papua,2429.030022023302,1,0.000411686965963,1,0.000411686965963,33.5,29.4,3.5,9.7,1.1,28.0,1.3247488492532564,2.490893423557776,-0.28471962984080057,0.28471962984080057,1.609468479094057,0.0004116022461352631
Kerinci,Jambi,3445.195533877819,1,0.0002902592872208,18,0.0052246671699761,16.4,15.0,1.2,6.1,2.6,7.48,-0.7780252069008873,-0.4553744547039756,-0.22538876022590593,0.22538876022590593,-0.5526364466749814,0.005211065950451921
Ketapang,Kalimantan Barat,30018.67636141147,2,6.662518946274953e-05,1,3.3312594731374766e-05,17.9,17.3,1.0,4.9,5.2,8.44,-0.5935713423259624,-0.3175373609841276,-0.2893960454336058,0.2893960454336058,-0.3041752968923566,3.331203987921324e-05
Klaten,Jawa Tengah,701.5106394735678,7,0.009978465907877,12,0.0171059415563605,20.8,14.2,0.0,4.5,1.9,11.0,-0.2369605374811073,0.0500282222688004,-0.08013283229111508,0.08013283229111508,-0.15682770518999223,0.0169612822962587
Klungkung,Bali,313.9600758509006,1,0.0031851183539492,3,0.0095553550618477,5.2,6.4,0.3,3.0,6.0,5.18,-2.155280729060326,-0.7856091584077782,-0.17224553395332076,0.17224553395332076,-1.9830351951070053,0.00950999140495983
Kolaka,Sulawesi Tenggara,2958.920915235648,3,0.0010138831303509,1,0.0003379610434503,29.7,23.7,5.2,9.3,4.8,10.19,0.8574657256634466,-0.0662718255573213,-0.28563068666250013,0.28563068666250013,1.1430964123259466,0.0003379039474806351
Kolaka Timur,Sulawesi Tenggara,3992.531309218204,0,0.0,0,0.0,22.0,19.8,3.1,5.8,4.1,12.57,-0.0893974458211675,0.2754493026231353,-0.2898078481716705,0.2898078481716705,0.200410402350503,0.0
Kolaka Utara,Sulawesi Tenggara,2932.2519646662704,0,0.0,0,0.0,23.6,20.6,2.8,10.2,3.2,12.94,0.1073533430587524,0.32857401582766,-0.2898078481716705,0.2898078481716705,0.39716119123042287,0.0
Konawe,Sulawesi Tenggara,5351.854760088222,1,0.0001868511095363,7,0.0013079577667546,25.0,21.9,2.7,9.6,3.9,12.78,0.2795102833286821,0.3056011668743519,-0.27364946663963197,0.27364946663963197,0.5531597499683141,0.0013071031351283395
Konawe Kepulauan,Sulawesi Tenggara,705.7110099439432,0,0.0,0,0.0,26.5,20.2,2.7,8.0,3.4,14.42,0.463964147903607,0.5410728686457591,-0.2898078481716705,0.2898078481716705,0.7537719960752776,0.0
Konawe Selatan,Sulawesi Tenggara,4237.740244646246,0,0.0,3,0.0007079244660618,21.3,21.3,2.3,8.8,2.8,11.18,-0.1754759159561324,0.0758726773412719,-0.281059596960534,0.281059596960534,0.1055836810044016,0.0007076740057346671
Konawe Utara,Sulawesi Tenggara,4219.809573201081,1,0.0002369775182156,0,0.0,27.0,19.7,3.0,8.0,4.2,11.89,0.525448769428582,0.1778146945715763,-0.2898078481716705,0.2898078481716705,0.8152566176002525,0.0
Kota Adm. Jakarta Barat,DKI Jakarta,125.00016390896546,23,0.1839997587263192,107,0.8559988775528764,17.4,14.7,1.4,4.7,5.6,3.91,-0.6550559638509373,-0.9679561469746604,7.355124668532333,-7.355124668532333,-8.01018063238327,0.6184230295970568
Kota Adm. Jakarta Pusat,DKI Jakarta,47.56483291578914,31,0.6517420139976894,47,0.9881249889642388,20.3,17.7,2.4,6.0,5.2,4.7,-0.2984451590060823,-0.8545277052677022,8.205244965478117,-8.205244965478117,-8.5036901244842,0.6871919779704329
Kota Adm. Jakarta Selatan,DKI Jakarta,144.94169473163976,34,0.2345770833089206,115,0.7934224876625257,14.9,11.1,1.6,4.1,5.0,3.23,-0.962479071475812,-1.0655907550262194,6.931143018289823,-6.931143018289823,-7.893622089765635,0.5841257985798265
Kota Adm. Jakarta Timur,DKI Jakarta,185.53778577976328,28,0.1509126557823456,137,0.7383940657921911,16.4,15.3,1.2,6.9,5.6,3.94,-0.7780252069008873,-0.9636487377959152,6.5458935348729925,-6.5458935348729925,-7.32391874177388,0.5529617363510531
Kota Adm. Jakarta Utara,DKI Jakarta,147.21169307845258,18,0.1222728957434609,70,0.4755057056690147,19.7,17.0,2.2,7.4,4.8,6.33,-0.3722267048360524,-0.6204918065558769,4.519011661374226,-4.519011661374226,-4.8912383662102785,0.389000782332733
Kota Ambon,Maluku,236.66314170504967,9,0.0380287354218283,9,0.0380287354218283,19.7,23.6,2.3,8.8,1.3,4.34,-0.3722267048360524,-0.9062166154126452,0.17158407782445093,-0.17158407782445093,-0.5438107826605033,0.03732346781121888
Kota Balikpapan,Kalimantan Timur,509.7018053883253,7,0.0137335201209792,22,0.0431624918087918,24.8,21.3,1.6,7.8,4.4,1.97,0.2549164347186922,-1.24650194053352,0.23257176279525607,-0.23257176279525607,0.022344671923436116,0.04225695660596589
Kota Banda Aceh,Aceh,56.76963931526301,9,0.1585354444480374,22,0.3875310864285359,23.7,23.7,1.4,9.5,3.5,5.45,0.1196502673637471,-0.7468424757990709,3.75906133374139,-3.75906133374139,-3.639411066377643,0.3275259710206515
Kota Bandar Lampung,Lampung,183.74509471347253,15,0.0816348323387387,8,0.0435385772473273,14.8,14.5,1.0,6.5,3.3,6.95,-0.9747759957808068,-0.5314720168618083,0.2370277535644028,-0.2370277535644028,-1.2118037493452096,0.04261741594361094
Kota Bandung,Jawa Barat,166.59306395433094,33,0.1980874786542522,49,0.2941298925472229,22.8,14.5,0.8,4.0,4.0,3.78,0.0089779486187924,-0.9866215867492234,2.8975871652105187,-2.8975871652105187,-2.8886092165917265,0.25783857168018537
Kota Banjar,Jawa Barat,131.00548809956695,1,0.0076332679989709,10,0.0763326799897099,18.8,15.2,0.6,5.2,1.9,5.73,-0.4828990235810072,-0.7066399901307818,0.6195343354480107,-0.6195343354480107,-1.102433359029018,0.07355959609921299
Kota Banjarbaru,Kalimantan Selatan,305.1526052290933,0,0.0,5,0.0163852443476477,15.4,17.9,0.8,7.1,4.3,,-0.900994449950837,,-0.08889534299969054,0.08889534299969054,-0.8120991069511465,0.016252454794193294
Kota Banjarmasin,Kalimantan Selatan,98.37207339530386,0,0.0,20,0.2033097332373068,26.5,25.0,2.5,13.3,4.8,4.52,0.463964147903607,-0.8803721603401738,1.9980961887136865,-1.9980961887136865,-1.5341320408100796,0.18507587121619073
Kota Batam,Kepulauan Riau,1034.7321737195095,10,0.0096643365829182,19,0.0183622395075447,14.0,13.0,0.9,4.6,2.7,3.81,-1.0731513902207668,-0.982314177570478,-0.06487311854998198,0.06487311854998198,-1.0082782716707848,0.018195689321036986
Kota Batu,Jawa Timur,194.17000521097097,2,0.0103002520797532,9,0.0463511343588895,24.5,15.7,0.8,4.8,2.9,2.86,0.2180256618037072,-1.1187154682307443,0.27030108162585925,-0.27030108162585925,-0.05227541982215206,0.04530900181432757
Kota Bau Bau,Sulawesi Tenggara,294.1374309043468,0,0.0,14,0.0475967983977965,29.8,28.8,2.5,10.0,2.9,6.83,0.8697626499684418,-0.5487016535767893,0.28500906389153646,-0.28500906389153646,0.5847535860769053,0.04649877751635318
Kota Bekasi,Jawa Barat,213.0358706607471,23,0.1079630389411123,53,0.2487843940816936,11.7,6.6,0.4,2.9,3.9,3.96,-1.3559806492356516,-0.9607771316767516,2.4566603661804507,-2.4566603661804507,-3.8126410154161023,0.22217059340949308
Kota Bengkulu,Bengkulu,150.34825687294432,7,0.0465585710509136,7,0.0465585710509136,16.1,19.3,2.2,8.2,4.8,11.91,-0.8149159798158718,0.1806863006907398,0.2727515724772587,-0.2727515724772587,-1.0876675522931305,0.04550722985270608
Kota Bima,Nusa Tenggara Barat,207.88793305642284,2,0.0096205680175634,13,0.0625336921141626,28.4,32.7,1.9,0.9,0.9,7.33,0.6976057096985117,-0.4769115005977019,0.46002444967607453,-0.46002444967607453,0.23758126002243712,0.060656331538770494
Kota Binjai,Sumatera Utara,93.77004129799153,3,0.0319931606990159,0,0.0,25.6,22.7,3.0,7.4,2.8,4.71,0.3532918291586522,-0.8530919022081205,-0.2898078481716705,0.2898078481716705,0.6430996773303227,0.0
Kota Bitung,Sulawesi Utara,329.72443466688134,3,0.0090985067668123,2,0.0060656711778749,25.1,17.3,3.3,7.6,7.0,5.81,0.2918072076336773,-0.695153565654128,-0.21505064612256022,0.21505064612256022,0.5068578537562375,0.006047349047803251
Kota Blitar,Jawa Timur,33.203158018101,4,0.1204704684361458,4,0.1204704684361458,11.4,10.8,0.4,4.9,5.2,6.6,-1.3928714221506366,-0.5817251239471697,1.1163506780489338,-1.1163506780489338,-2.5092221001995707,0.11374865820973835
Kota Bogor,Jawa Barat,111.36571711157347,9,0.0808148165649866,27,0.2424444496949598,21.1,12.1,0.5,4.0,2.9,5.89,-0.2000697645661223,-0.683667141177474,2.393740069729409,-2.393740069729409,-2.5938098342955316,0.21708076949419
Kota Bontang,Kalimantan Timur,160.8101245975337,3,0.0186555417919625,8,0.0497481114452335,20.7,18.5,1.9,4.6,2.1,3.21,-0.2492574617861025,-1.068462361145383,0.3103692189692073,-0.3103692189692073,-0.5596266807553097,0.048550241528614466
Kota Bukittinggi,Sumatera Barat,24.172738009374648,3,0.1241067519466161,1,0.0413689173155387,16.8,13.7,0.7,6.0,3.0,3.78,-0.728837509680907,-0.9866215867492234,0.2112987461077052,-0.2112987461077052,-0.9401362557886122,0.04053611428331111
Kota Cilegon,Banten,162.5144270905782,3,0.0184598995529666,8,0.0492263988079111,19.0,18.3,2.2,7.3,2.6,3.44,-0.4583051749710173,-1.0354388907750027,0.30422393156547517,-0.30422393156547517,-0.7625291065364925,0.04805312958607516
Kota Cimahi,Jawa Barat,42.43200275891969,4,0.0942684704921017,14,0.3299396467223561,22.3,15.3,0.3,3.7,3.9,4.2,-0.0525066729061825,-0.9263178582467896,3.235007272753017,-3.235007272753017,-3.2875139456591995,0.2851335627997879
Kota Cirebon,Jawa Barat,39.46566713552269,9,0.2280463160319715,22,0.5574465503003748,14.9,16.9,1.0,6.9,5.9,8.66,-0.962479071475812,-0.285949693673329,5.187137948368237,-5.187137948368237,-6.149617019844049,0.4430476534664506
Kota Denpasar,Bali,125.87164688650368,20,0.1588920181368061,13,0.1032798117889239,10.4,10.2,0.5,4.4,9.4,2.16,-1.5158406652005865,-1.2192216824014668,0.9252188121477353,-0.9252188121477353,-2.441059477348322,0.0982873905916276
Kota Depok,Jawa Barat,199.9062219960589,12,0.0600281465988416,16,0.0800375287984554,12.5,11.6,0.8,4.1,4.4,2.31,-1.2576052547956915,-1.1976846365077405,0.6620124851828284,-0.6620124851828284,-1.91961773997852,0.07699578941985842
Kota Dumai,Riau,2059.6141503127765,3,0.0014565835059661,1,0.000485527835322,16.9,13.6,1.0,3.9,2.7,3.08,-0.7165405853759123,-1.087127800919946,-0.28380721987649277,0.28380721987649277,-0.4327333654994195,0.0004854100048210131
Kota Gorontalo,Gorontalo,70.93296187446084,4,0.0563912727496042,12,0.1691738182488127,31.2,27.6,3.0,8.8,1.8,5.31,1.0419195902383716,-0.7669437186332155,1.6423368508041436,-1.6423368508041436,-0.600417260565772,0.15629736112774373
Kota Gunungsitoli,Sumatera Utara,208.6844125410639,1,0.0047919247433165,2,0.009583849486633,17.4,17.2,0.7,5.1,2.8,13.85,-0.6550559638509373,0.4592320942495992,-0.17189662538814374,0.17189662538814374,-0.4831593384627936,0.009538215734142288
Kota Jambi,Jambi,169.8873139174033,7,0.0412037828993122,9,0.0529762922991157,10.3,13.9,3.5,8.9,3.0,7.69,-1.5281375895055815,-0.4252225904527588,0.34832639040522034,-0.34832639040522034,-1.8764639799108018,0.05162071846259718
Kota Jayapura,Papua,835.4790849141634,1,0.0011969180534336,0,0.0,24.1,17.8,1.1,7.3,3.9,12.03,0.1688379645837274,0.1979159374057207,-0.2898078481716705,0.2898078481716705,0.4586458127553979,0.0
Kota Kediri,Jawa Timur,67.23227652246757,8,0.1189904672843641,9,0.1338642756949096,17.6,13.7,0.6,5.0,6.4,6.04,-0.630462115240947,-0.6621300952837477,1.2632462648974139,-1.2632462648974139,-1.893708380138361,0.1256315118065207
Kota Kendari,Sulawesi Tenggara,265.79071522047144,10,0.0376235866317041,13,0.0489106626212153,24.4,20.1,1.7,7.4,3.4,4.18,0.205728737498712,-0.9291894643659532,0.30050336991422105,-0.30050336991422105,-0.09477463241550904,0.047752161460700104
Kota Kotamobagu,Sulawesi Utara,108.89256913512224,3,0.0275500892652956,0,0.0,23.1,16.1,2.2,5.4,3.8,5.14,0.0458687215337774,-0.7913523706461053,-0.2898078481716705,0.2898078481716705,0.3356765697054479,0.0
Kota Kupang,Nusa Tenggara Timur,159.33404036070516,6,0.0376567366672998,12,0.0753134733345997,26.9,29.8,1.8,12.0,1.8,7.57,0.5131518451235868,-0.4424522271677398,0.6078229188572181,-0.6078229188572181,-0.09467107373363126,0.07261222217365822
Kota Langsa,Aceh,224.2352628842912,3,0.0133788056410558,0,0.0,15.6,16.5,1.0,7.2,2.3,8.59,-0.8764006013408471,-0.2960003150904013,-0.2898078481716705,0.2898078481716705,-0.5865927531691766,0.0
Kota Lhokseumawe,Aceh,132.9659035269854,5,0.0376036251954265,0,0.0,20.8,22.3,3.5,10.1,3.3,9.01,-0.2369605374811073,-0.2356965865879678,-0.2898078481716705,0.2898078481716705,0.0528473106905632,0.0
Kota Lubuk Linggau,Sumatera Selatan,367.72564050309,3,0.0081582562366215,2,0.005438837491081,20.9,16.0,1.4,8.3,4.7,,-0.2246636131761126,,-0.22275523251741322,0.22275523251741322,-0.0019083806586993879,0.005424100425309005
Kota Madiun,Jawa Timur,36.12598530609092,6,0.166085435432771,0,0.0,11.8,12.4,0.6,6.7,6.6,3.89,-1.3436837249306566,-0.970827753093824,-0.2898078481716705,0.2898078481716705,-1.053875876758986,0.0
Kota Magelang,Jawa Tengah,18.558258531508223,9,0.4849592964081081,1,0.0538843662675675,15.3,13.3,0.6,3.1,3.8,5.68,-0.9132913742558318,-0.7138190054286907,0.3589826167627774,-0.3589826167627774,-1.2722739910186092,0.05248273467709133
Kota Makassar,Sulawesi Selatan,176.85228778514667,27,0.1526697807426817,53,0.2996851251615605,22.9,18.8,0.3,7.2,3.1,4.43,0.0212748729237871,-0.8932943878764096,2.9505391093982616,-2.9505391093982616,-2.9292642364744745,0.2621220237153848
Kota Malang,Jawa Timur,111.07652578017532,6,0.0540168137044025,28,0.2520784639538787,22.8,18.6,0.4,4.5,3.4,3.85,0.0089779486187924,-0.976570965332151,2.489226123287632,-2.489226123287632,-2.48024817466884,0.22480494160384806
Kota Manado,Sulawesi Utara,162.35335011030452,8,0.0492752382045995,19,0.1170286907359238,18.8,14.1,1.5,6.7,3.5,4.99,-0.4828990235810072,-0.8128894165398315,1.0783196315557093,-1.0783196315557093,-1.5612186551367166,0.11067220528622368
Kota Mataram,Nusa Tenggara Barat,60.4240927914676,8,0.1323975194399554,23,0.3806428683898717,23.5,25.8,1.3,2.8,2.8,7.15,0.0950564187537572,-0.5027559556701734,3.69753905659086,-3.69753905659086,-3.602482637837103,0.32254923735557217
Kota Medan,Sumatera Utara,279.2904338262529,63,0.2255716357230925,35,0.125317575401718,15.4,13.8,1.1,6.0,3.5,7.25,-0.900994449950837,-0.4883979250743558,1.1697127286816025,-1.1697127286816025,-2.0707071786324396,0.11806528506624252
Kota Metro,Lampung,73.2140496964476,5,0.0682929030798115,1,0.0136585806159623,14.8,16.4,1.4,7.8,3.2,6.44,-0.9747759957808068,-0.6046979729004777,-0.12210347348255199,0.12210347348255199,-0.8526725222982547,0.013566142964024305
Kota Mojokerto,Jawa Timur,20.21717286997456,8,0.3957032000196804,1,0.04946290000246,11.7,11.0,0.8,5.2,7.1,5.05,-1.3559806492356516,-0.804274598182341,0.3070100732006369,-0.3070100732006369,-1.6629907224362885,0.048278509489316744
Kota Padang,Sumatera Barat,694.3364893620922,20,0.0288044778092745,21,0.0302447016997383,20.6,18.6,1.1,8.9,1.5,3.63,-0.2615543860910972,-1.0081586326429497,0.07853398671446779,-0.07853398671446779,-0.34008837280556503,0.02979634849096525
Kota Padang Panjang,Sumatera Barat,23.56007365209157,1,0.0424446890432884,2,0.0848893780865768,19.0,10.3,0.4,2.5,2.0,4.97,-0.4583051749710173,-0.815761022658995,0.7174218011538825,-0.7174218011538825,-1.1757269761248998,0.08147802611401479
Kota Padang Sidempuan,Sumatera Utara,159.29836243265953,1,0.0062775284361302,0,0.0,30.3,17.6,1.8,5.2,1.9,,0.9312472714934168,,-0.2898078481716705,0.2898078481716705,1.2210551196650874,0.0
Kota Pagar Alam,Sumatera Selatan,625.9131738460939,1,0.0015976656855698,3,0.0047929970567094,20.0,14.4,0.5,4.6,3.0,7.7,-0.3353359319210674,-0.4237867873931771,-0.2306984617875547,0.2306984617875547,-0.10463747013351271,0.004781547217770323
Kota Palangkaraya,Kalimantan Tengah,2848.6994778950025,0,0.0,3,0.0010531121388124,19.1,20.8,0.8,6.9,4.4,3.62,-0.4460082506660221,-1.0095944357025313,-0.27679614819476955,0.27679614819476955,-0.16921210247125257,0.0010525580052330194
Kota Palembang,Sumatera Selatan,352.5229186404707,16,0.0453871199685544,27,0.0765907649469356,10.6,8.3,0.9,4.5,6.9,9.04,-1.4912468165905963,-0.2313891774092227,0.6224981573610588,-0.6224981573610588,-2.113744973951655,0.07379934912811789
Kota Palopo,Sulawesi Selatan,273.2353091780998,3,0.0109795472957872,1,0.0036598490985957,22.7,22.3,1.0,8.1,2.1,7.18,-0.0033189756862027,-0.4984485464914281,-0.24464746018864042,0.24464746018864042,0.2413284845024377,0.003653168146771921
Kota Palu,Sulawesi Tengah,356.35055670078333,12,0.0336747053550305,5,0.0140311272312627,25.6,23.6,2.4,7.8,2.7,5.26,0.3532918291586522,-0.7741227339311242,-0.11756095055518688,0.11756095055518688,0.4708527797138391,0.013933602164562332
Kota Pangkal Pinang,Kepulauan Bangka Belitung,104.54155122616828,0,0.0,4,0.0382622981301117,17.3,16.7,1.0,8.5,6.1,4.5,-0.6673528881559321,-0.8832437664593372,0.17436528456755765,-0.17436528456755765,-0.8417181727234897,0.037548448515266925
Kota Parepare,Sulawesi Selatan,89.67036988068104,4,0.0446078231340247,5,0.0557597789175309,26.1,26.1,1.3,9.5,2.3,4.44,0.4147764506836272,-0.8918585848168277,0.3809615064165226,-0.3809615064165226,0.033814944267104574,0.05426067732042399
Kota Pariaman,Sumatera Barat,64.76723833356543,1,0.0154399048921891,0,0.0,15.7,16.4,0.1,7.2,1.5,3.83,-0.8641036770358521,-0.9794425714513144,-0.2898078481716705,0.2898078481716705,-0.5742958288641816,0.0
Kota Pasuruan,Jawa Timur,38.99568954327899,1,0.0256438599166238,3,0.0769315797498715,18.3,24.4,1.5,12.7,4.1,6.18,-0.5443836451059821,-0.6420288524496032,0.6264109521261418,-0.6264109521261418,-1.170794597232124,0.07411586760457625
Kota Payakumbuh,Sumatera Barat,74.55151131967835,1,0.0134135443037764,1,0.0134135443037764,16.4,15.2,0.9,4.3,1.7,4.95,-0.7780252069008873,-0.8186326287781585,-0.1250921523042226,0.1250921523042226,-0.6529330545966647,0.013324379180321613
Kota Pekalongan,Jawa Tengah,46.19981164507072,6,0.1298706593458627,0,0.0,19.3,21.6,1.4,9.4,2.4,6.14,-0.4214144020560322,-0.6477720646879302,-0.2898078481716705,0.2898078481716705,-0.1316065538843617,0.0
Kota Pekanbaru,Riau,638.33123340963,22,0.034464865337213,13,0.0203656022447167,14.5,18.0,1.4,9.8,3.9,3.19,-1.011666768695792,-1.0713339672645463,-0.040578030614936395,0.040578030614936395,-0.9710887380808557,0.02016099664746391
Kota Pematangsiantar,Sumatera Utara,75.91856002440453,9,0.1185480862269633,0,0.0,12.2,11.1,1.1,4.1,5.3,,-1.2944960277106767,,-0.2898078481716705,0.2898078481716705,-1.0046881795390061,0.0
Kota Pontianak,Kalimantan Barat,118.20868724033694,12,0.1015153816538212,19,0.1607326876185504,22.3,17.5,1.4,6.8,5.2,4.0,-0.0525066729061825,-0.9550339194384247,1.5527628391074204,-1.5527628391074204,-1.605269512013603,0.14905143298310494
Kota Prabumulih,Sumatera Selatan,447.3112172982337,3,0.0067067399251019,1,0.0022355799750339,11.6,10.3,0.5,5.8,3.1,9.75,-1.3682775735406467,-0.1294471601789183,-0.2622025009215373,0.2622025009215373,-1.1060750726191095,0.002233084784228598
Kota Probolinggo,Jawa Timur,54.67556207263131,3,0.0548691204310763,0,0.0,23.1,21.2,1.3,6.5,5.2,5.69,0.0458687215337774,-0.7123832023691089,-0.2898078481716705,0.2898078481716705,0.3356765697054479,0.0
Kota Sabang,Aceh,122.0630487371292,2,0.0163849749837654,2,0.0163849749837654,23.4,21.0,0.4,8.3,2.2,12.75,0.0827594944487621,0.3012937576956068,-0.08889861918962072,0.08889861918962072,0.17165811363838282,0.016252189772716946
Kota Salatiga,Jawa Tengah,54.98315791237828,3,0.0545621625585934,25,0.4546846879882791,14.0,10.5,0.3,4.3,3.7,4.2,-1.0731513902207668,-0.9263178582467896,4.343327981340701,-4.343327981340701,-5.416479371561468,0.37478916785219935
Kota Samarinda,Kalimantan Timur,716.783295409233,9,0.0125560961836612,48,0.0669658463128599,20.3,17.0,3.2,9.6,4.9,3.45,-0.2984451590060823,-1.034003087715421,0.5114828091065505,-0.5114828091065505,-0.8099279681126328,0.06481896272845812
Kota Sawahlunto,Sumatera Barat,231.9454315927852,1,0.0043113588964996,2,0.0086227177929992,20.0,11.5,0.7,2.9,3.2,,-0.3353359319210674,,-0.18367093127138276,0.18367093127138276,-0.15166500064968466,0.008585754492685256
Kota Semarang,Jawa Tengah,370.0027593369693,26,0.0702697462218687,71,0.1918904608366415,11.2,10.3,0.8,3.9,4.7,3.8,-1.4174652707606268,-0.9837499806300598,1.8802222208209372,-1.8802222208209372,-3.2976874915815637,0.17554066914925498
Kota Serang,Banten,265.7867293724659,4,0.0150496603402441,1,0.003762415085061,22.9,22.0,1.3,10.2,3.2,5.51,0.0212748729237871,-0.7382276574415805,-0.24338422963026146,0.24338422963026146,0.26465910255404856,0.003755354904769507
Kota Sibolga,Sumatera Utara,11.471016251866928,0,0.0,0,0.0,18.1,15.0,1.6,7.2,3.0,10.28,-0.5689774937159721,-0.0533495980210856,-0.2898078481716705,0.2898078481716705,-0.27916964554430157,0.0
Kota Singkawang,Kalimantan Barat,550.1869574101052,4,0.0072702559486855,3,0.0054526919615141,21.9,22.7,2.6,11.0,2.0,4.28,-0.1016943701261627,-0.9148314337701356,-0.22258489148180124,0.22258489148180124,0.12089052135563855,0.005437879856203611
Kota Solok,Sumatera Barat,58.71989045572701,1,0.0170300045221298,0,0.0,18.6,15.5,1.5,4.7,1.6,2.91,-0.5074928721909971,-1.1115364529328355,-0.2898078481716705,0.2898078481716705,-0.21768502401932666,0.0
Kota Sorong,Papua Barat Daya,205.2604954241096,0,0.0,17,0.0828215871002092,29.3,30.3,5.4,8.1,1.6,13.55,0.8082780284434669,0.4161580024621469,0.6938374793021272,-0.6938374793021272,0.11444054914133961,0.07957021492814932
Kota Subulussalam,Aceh,1183.6004940399243,0,0.0,1,0.0008448796743796,27.5,21.8,0.8,7.6,1.2,13.88,0.5869333909535569,0.4635395034283447,-0.27936787300411553,0.27936787300411553,0.8663012639576724,0.0008445229644513492
Kota Sukabumi,Jawa Barat,48.31394996394825,8,0.1655836462547479,5,0.1034897789092174,19.7,16.6,0.5,4.5,3.6,6.9,-0.3722267048360524,-0.5386510321597171,0.9275712182661697,-0.9275712182661697,-1.299797923102222,0.09847768424241211
Kota Sungai Penuh,Jambi,364.923728351144,2,0.0054805972991581,10,0.0274029864957907,8.0,6.4,1.2,2.9,2.0,3.23,-1.8109668485204664,-1.0655907550262194,0.044388932374471377,-0.044388932374471377,-1.8553557808949377,0.02703424589495691
Kota Surabaya,Jawa Timur,335.9247952679809,39,0.1160974139133972,119,0.354245955274212,8.5,8.3,0.2,3.8,7.9,3.56,-1.7494822269954913,-1.0182092540600216,3.4588981165657318,-3.4588981165657318,-5.208380343561223,0.3032448088607793
Kota Surakarta,Jawa Tengah,46.71839798208852,14,0.2996678097859326,12,0.2568581226736565,16.2,14.6,0.4,6.5,4.0,7.69,-0.8026190555108772,-0.4252225904527588,2.5363266459597202,-2.5363266459597202,-3.3389457014705974,0.22861505344758684
Kota Tangerang,Banten,178.34748959556353,14,0.0784984416194903,8,0.0448562523539944,11.2,9.3,0.6,3.4,5.4,5.19,-1.4174652707606268,-0.7841733553481964,0.2526273652403768,-0.2526273652403768,-1.6700926360010035,0.04387931839887979
Kota Tangerang Selatan,Banten,164.85953902151144,11,0.066723466930019,36,0.2183677099527895,10.5,9.5,0.6,5.0,6.1,2.39,-1.5035437408955916,-1.1861982120310866,2.151831602011048,-2.151831602011048,-3.65537534290664,0.19751202023908618
Kota Tanjung Balai,Sumatera Utara,60.072061950317554,0,0.0,0,0.0,5.6,18.3,4.9,15.1,3.4,10.67,-2.1060930318403464,0.0026467213026027,-0.2898078481716705,0.2898078481716705,-1.816285183668676,0.0
Kota Tanjung Pinang,Kepulauan Riau,150.37296933926734,0,0.0,13,0.0864517077578601,12.9,12.1,0.7,5.8,5.1,5.96,-1.2084175575757117,-0.6736165197604017,0.7352112586241263,-0.7352112586241263,-1.9436288161998378,0.08291707219579489
Kota Tarakan,Kalimantan Utara,250.9777475439536,3,0.0119532509529539,6,0.0239065019059079,12.6,20.1,2.0,6.5,3.9,5.03,-1.245308330490697,-0.8071462043015044,0.0022465728284175993,-0.0022465728284175993,-1.2475549033191144,0.023625215716090768
Kota Tasikmalaya,Jawa Barat,183.9387254188628,5,0.027182965352261,0,0.0,19.6,13.4,0.3,3.9,1.9,10.84,-0.3845236291410472,0.0270553733154924,-0.2898078481716705,0.2898078481716705,-0.09471578096937672,0.0
Kota Tebing Tinggi,Sumatera Utara,39.169687862089766,3,0.076589836777932,0,0.0,17.6,15.3,2.3,8.8,3.1,8.74,-0.630462115240947,-0.2744632691966751,-0.2898078481716705,0.2898078481716705,-0.3406542670692765,0.0
Kota Tegal,Jawa Tengah,39.07461478290702,8,0.2047365033397477,0,0.0,18.0,20.6,2.1,10.8,2.5,7.28,-0.5812744180209672,-0.4840905158956106,-0.2898078481716705,0.2898078481716705,-0.29146656984929675,0.0
Kota Ternate,Maluku Utara,162.20233191167415,5,0.0308256973933192,1,0.0061651394786638,16.6,18.8,1.8,7.6,1.1,3.34,-0.7534313582908969,-1.0497969213708205,-0.21382849502350051,0.21382849502350051,-0.5396028632673964,0.0061462127570190575
Kota Tidore Kepulauan,Maluku Utara,1703.3226060438285,1,0.0005870878461025,2,0.001174175692205,16.6,17.7,2.5,9.9,2.2,6.54,-0.7534313582908969,-0.5903399423046601,-0.2753012278948451,0.2753012278948451,-0.4781301303960518,0.001173486887059698
Kota Tomohon,Sulawesi Utara,169.06442210733653,2,0.0118298100515212,8,0.0473192402060849,10.8,5.1,0.6,1.1,5.0,4.86,-1.4666529679806064,-0.8315548563143942,0.28173335403078675,-0.28173335403078675,-1.748386322011393,0.046233794874356075
Kota Tual,Maluku,234.41732511580096,0,0.0,3,0.012797688901697,25.2,22.7,2.8,11.2,2.0,19.39,0.304104131938672,1.254666989257889,-0.13260685923001458,0.13260685923001458,0.43671099116868656,0.012716490515061575
Kota Yogyakarta,Daerah Istimewa Yogyakarta,32.81906276504645,17,0.5179916355839889,26,0.7922225014813947,14.8,14.5,0.8,7.7,2.5,6.14,-0.9747759957808068,-0.6477720646879302,6.922868800070857,-6.922868800070857,-7.897644795851663,0.5834564706181552
Kotabaru,Kalimantan Selatan,9354.932589028556,2,0.000213790957975,6,0.000641372873925,23.2,20.8,2.2,6.9,6.3,,0.0581656458387722,,-0.2818817516809204,0.2818817516809204,0.3400473975196926,0.0006411672822458839
Kotawaringin Barat,Kalimantan Tengah,9480.357045587603,0,0.0,3,0.0003164437779689,16.5,11.3,0.5,5.5,8.2,4.27,-0.7657282825958921,-0.9162672368297176,-0.28589659564087755,0.28589659564087755,-0.47983168695501455,0.00031639372019662764
Kotawaringin Timur,Kalimantan Tengah,15543.810182525174,3,0.0001930028715464,0,0.0,21.6,20.9,1.1,6.0,5.9,5.83,-0.1385851430411473,-0.6922819595349644,-0.2898078481716705,0.2898078481716705,0.1512227051305232,0.0
Kuantan Singingi,Riau,5457.862687330959,1,0.0001832219052196,4,0.0007328876208785,23.1,21.4,0.9,9.2,2.0,6.99,0.0458687215337774,-0.5257288046234814,-0.28075122511736705,0.28075122511736705,0.32661994665114447,0.0007326191898912397
Kubu Raya,Kalimantan Barat,8549.293508292865,0,0.0,0,0.0,30.2,24.1,1.2,6.0,4.3,3.99,0.9189503471884216,-0.9564697224980064,-0.2898078481716705,0.2898078481716705,1.208758195360092,0.0
Kudus,Jawa Tengah,447.4449995520093,6,0.0134094693336774,8,0.0178792924449032,13.2,15.1,0.6,4.7,8.5,6.59,-1.171526784660727,-0.5831609270067515,-0.0707370413448881,0.0707370413448881,-1.100789743315839,0.017721337861135212
Kulon Progo,Daerah Istimewa Yogyakarta,577.2238140350519,4,0.0069297210245679,14,0.0242540235859878,18.0,16.7,0.4,7.1,1.8,14.53,-0.5812744180209672,0.5568667023011583,0.006441610966815175,-0.006441610966815175,-0.5877160289877824,0.023964565761255264
Kuningan,Jawa Barat,1192.8968163791965,4,0.0033531818888922,2,0.0016765909444461,22.7,18.1,0.7,4.8,1.9,10.74,-0.0033189756862027,0.012697342719675,-0.26909922119446533,0.26909922119446533,0.2657802455082626,0.0016751870348176692
Kupang,Nusa Tenggara Timur,5136.51008407589,0,0.0,5,0.0009734235732352,39.5,40.7,4.0,16.6,0.9,20.32,2.062564307552956,1.388196673798992,-0.2777802594027503,0.2777802594027503,2.3403445669557064,0.0009729501037414013
Kutai Barat,Kalimantan Timur,13611.164837051392,0,0.0,35,0.002571418421495,27.6,20.0,1.9,5.9,7.4,8.72,0.5992303152585521,-0.2773348753158385,-0.2580608275623981,0.2580608275623981,0.8572911428209502,0.0025681179818093326
Kutai Kartanegara,Kalimantan Timur,26926.476024054693,4,0.0001485526734514,44,0.001634079407966,14.3,12.3,1.5,7.7,5.5,6.72,-1.0362606173057818,-0.5644954872321887,-0.26962387943133886,0.26962387943133886,-0.766636737874443,0.001632745752878106
Kutai Timur,Kalimantan Timur,31580.200523634765,2,6.333082016066336e-05,17,0.0005383119713656,26.9,17.6,1.8,7.0,4.4,8.07,0.5131518451235868,-0.3706620741886523,-0.2831550373592492,0.2831550373592492,0.796306882482836,0.0005381671334526661
Labuhanbatu,Sumatera Utara,2772.388810362174,2,0.0007213995354925,0,0.0,25.3,23.4,2.0,6.8,1.9,,0.3164010562436672,,-0.2898078481716705,0.2898078481716705,0.6062089044153377,0.0
Labuhanbatu Selatan,Sumatera Utara,3079.6111834640246,1,0.0003247163165822,1,0.0003247163165822,22.0,16.6,1.8,7.7,3.2,,-0.0893974458211675,,-0.28579436346570153,0.28579436346570153,0.19639691764453404,0.0003246636076490643
Labuhanbatu Utara,Sumatera Utara,3686.0130649905486,1,0.0002712958370923,0,0.0,17.5,16.2,1.2,6.2,2.4,,-0.6427590395459422,,-0.2898078481716705,0.2898078481716705,-0.35295119137427167,0.0
Lahat,Sumatera Selatan,4333.064617180436,2,0.0004615670839687,0,0.0,12.9,,,,,13.69,-1.2084175575757117,0.4362592452962913,-0.2898078481716705,0.2898078481716705,-0.9186097094040412,0.0
Lamandau,Kalimantan Tengah,7632.394209879766,0,0.0,3,0.0003930614585023,18.3,15.2,1.5,6.8,7.6,3.33,-0.5443836451059821,-1.051232724430402,-0.2849497853646058,0.2849497853646058,-0.25943385974137634,0.0003929842300835672
Lamongan,Jawa Timur,1752.7103121696914,3,0.001711634820181,9,0.005134904460543,6.9,9.7,0.4,6.0,4.2,12.03,-1.946233015875411,0.1979159374057207,-0.22649268685384943,0.22649268685384943,-1.7197403290215616,0.005121765796629241
Lampung Barat,Lampung,2107.992211973406,0,0.0,6,0.0028463103259679,20.5,9.4,1.2,3.2,2.9,9.93,-0.2738513103960924,-0.1036027051064468,-0.25467180000156714,0.25467180000156714,-0.019179510394525257,0.0028422672548052193
Lampung Selatan,Lampung,2227.3789057449703,3,0.0013468745673501,3,0.0013468745673501,10.4,13.4,0.3,6.9,1.7,12.05,-1.5158406652005865,0.2007875435248843,-0.27316901572543684,0.27316901572543684,-1.2426716494751497,0.0013459683454202607
Lampung Tengah,Lampung,4559.569706186203,4,0.000877275764547,2,0.0004386378822735,15.5,14.4,0.4,5.3,2.3,9.59,-0.888697525645842,-0.1524200091322263,-0.284386604768556,0.284386604768556,-0.6043109208772861,0.000438541708800142
Lampung Timur,Lampung,3860.920527513336,1,0.0002590055902145,5,0.0012950279510726,14.0,14.9,1.1,6.3,4.1,12.15,-1.0731513902207668,0.2151455741207018,-0.27380909699205,0.27380909699205,-0.7993422932287167,0.0012941901256358014
Lampung Utara,Lampung,2669.304089724872,3,0.001123888436521,2,0.0007492589576806,20.0,18.4,1.1,6.6,3.8,15.78,-0.3353359319210674,0.7363420847488771,-0.2805489928642241,0.2805489928642241,-0.05478693905684334,0.000748978403317601
Landak,Kalimantan Barat,8430.7107219915,0,0.0,1,0.0001186139618563,28.6,23.4,2.2,9.1,4.2,8.9,0.722199558308502,-0.251490420243367,-0.2883416318189967,0.2883416318189967,1.0105411901274988,0.00011860692777654759
Langkat,Sumatera Utara,6140.035366157546,5,0.0008143275570624,2,0.0003257310228249,16.0,16.9,2.2,8.5,2.5,8.42,-0.827212904120867,-0.3204089671032911,-0.28578182376662586,0.28578182376662586,-0.5414310803542411,0.00032567798399256757
Lanny Jaya,Papua Pegunungan,2339.774702479789,0,0.0,0,0.0,35.4,21.6,1.2,6.1,2.5,31.59,1.558390411048161,3.0063467219476245,-0.2898078481716705,0.2898078481716705,1.8481982592198314,0.0
Lebak,Banten,3312.179968096668,4,0.0012076638463273,2,0.0006038319231636,32.4,19.4,0.2,3.8,1.9,8.03,1.1894826818983113,-0.3764052864269794,-0.28234554336882073,0.28234554336882073,1.471828225267132,0.000603649690022986
Lebong,Bengkulu,1666.62152254841,0,0.0,1,0.0006000162523227,22.7,9.5,0.8,2.9,4.7,10.1,-0.0033189756862027,-0.079194053093557,-0.2823926842364754,0.2823926842364754,0.2790737085502727,0.0005998363145446374
Lembata,Nusa Tenggara Timur,1268.1048980460605,1,0.0007885782962756,1,0.0007885782962756,25.7,31.7,7.4,13.6,1.3,23.27,0.365588753463647,1.811758576375608,-0.2800633014825622,0.2800633014825622,0.6456520549462093,0.0007882675317749503
Lima Puluh Kota,Sumatera Barat,3273.4047726842787,0,0.0,0,0.0,26.6,,,,,6.1,0.4762610722086021,-0.6535152769262572,-0.2898078481716705,0.2898078481716705,0.7660689203802726,0.0
Lingga,Kepulauan Riau,2210.819183702495,2,0.0009046420506676,0,0.0,19.8,16.2,1.9,7.9,6.6,9.12,-0.3599297805310573,-0.2199027529325687,-0.2898078481716705,0.2898078481716705,-0.0701219323593868,0.0
Lombok Barat,Nusa Tenggara Barat,923.0579554643232,1,0.0010833555943916,18,0.0195004006990498,27.3,23.0,1.7,7.3,1.8,11.9,0.562339542343567,0.179250497631158,-0.05106460569450324,0.05106460569450324,0.6134041480380702,0.019312704067165412
Lombok Tengah,Nusa Tenggara Barat,1169.5218708244608,2,0.0017101005546737,20,0.0171010055467375,24.9,22.7,1.5,6.9,1.7,10.68,0.267213359023687,0.0040825243621844,-0.0801928250538807,0.0801928250538807,0.3474061840775677,0.016956429289901567
Lombok Timur,Nusa Tenggara Barat,1606.4700176811737,2,0.0012449656563692,8,0.004979862625477,33.0,26.9,0.7,1.8,1.8,13.53,1.2632642277282815,0.4132863963429832,-0.228399666442604,0.228399666442604,1.4916638941708855,0.004967504121711829
Lombok Utara,Nusa Tenggara Barat,811.1900961754404,0,0.0,10,0.0123275666790651,35.3,29.6,1.8,1.7,1.7,20.74,1.546093486743166,1.4485004023014252,-0.13834639671382512,0.13834639671382512,1.6844398834569911,0.012252200980593025
Lumajang,Jawa Timur,1797.0984110758457,2,0.001112905107296,16,0.0089032408583687,23.4,16.5,0.3,4.7,2.4,8.6,0.0827594944487621,-0.2945645120308196,-0.18023323545795145,0.18023323545795145,0.2629927299067135,0.008863840696210292
Luwu,Sulawesi Selatan,2902.0992688768447,2,0.0006891563019393,2,0.0006891563019393,23.6,20.3,1.5,6.9,2.8,10.97,0.1073533430587524,0.0457208130900553,-0.2812914466552723,0.2812914466552723,0.38864478971402466,0.0006889189427804949
Luwu Timur,Sulawesi Selatan,6745.920111250676,2,0.0002964754943754,1,0.0001482377471877,21.8,19.4,0.6,6.4,3.1,5.79,-0.1139912944311574,-0.6980251717732915,-0.28797547206142027,0.28797547206142027,0.17398417763026286,0.00014822676105854697
Luwu Utara,Sulawesi Selatan,7422.439240355929,2,0.0002694531993102,3,0.0004041797989654,23.6,21.3,2.8,8.2,3.9,10.74,0.1073533430587524,0.012697342719675,-0.28481239543953246,0.28481239543953246,0.39216573849828484,0.0004040981403128983
Madiun,Jawa Timur,1113.6269940211982,2,0.0017959334774906,5,0.0044898336937267,12.1,13.3,0.5,5.2,3.7,10.4,-1.3067929520156718,-0.0361199613061044,-0.2344288466826874,0.2344288466826874,-1.0723641053329844,0.004479784458796269
Magelang,Jawa Tengah,1129.983289424672,1,0.0008849688392375,17,0.0150444702670386,19.3,16.7,0.3,4.1,2.8,9.9,-0.4214144020560322,-0.107910114285192,-0.10521352850335007,0.10521352850335007,-0.3162008735526821,0.014932424604960085
Magetan,Jawa Timur,706.443565490526,2,0.0028310824780621,8,0.0113243299122487,10.3,10.6,0.2,6.2,4.4,9.14,-1.5281375895055815,-0.217031146813405,-0.15060343845042487,0.15060343845042487,-1.3775341510551566,0.011260689692810775
Mahakam Ulu,Kalimantan Timur,18492.22643604272,0,0.0,2,0.0001081535534359,23.2,13.9,0.7,4.5,6.9,10.09,0.0581656458387722,-0.0806298561531388,-0.2884709285082758,0.2884709285082758,0.34663657434704803,0.00010814770526200299
Majalengka,Jawa Barat,1330.1701969739406,3,0.0022553504858437,2,0.0015035669905624,18.0,15.3,0.5,6.5,3.2,10.31,-0.5812744180209672,-0.0490421888423402,-0.27123474403751036,0.27123474403751036,-0.3100396739834569,0.0015024377654835029
Majene,Sulawesi Barat,900.915808971129,1,0.0011099816320706,0,0.0,37.5,26.4,2.2,8.7,2.4,12.98,1.816625821453056,0.3343172280659871,-0.2898078481716705,0.2898078481716705,2.1064336696247263,0.0
Malaka,Nusa Tenggara Timur,1109.162051814977,0,0.0,5,0.0045079075612244,31.6,33.7,5.1,15.8,1.9,13.52,1.0911072874583516,0.4118505932834015,-0.23420641858710978,0.23420641858710978,1.3253137060454614,0.004497777378476604
Malang,Jawa Timur,3473.3770411723385,9,0.0025911382188909,9,0.0025911382188909,23.3,16.4,0.5,4.2,3.1,8.78,0.0704625701437673,-0.2687200569583481,-0.25781767947361467,0.25781767947361467,0.328280249617382,0.002587787007975047
Malinau,Kalimantan Utara,38901.8329172454,2,5.14114593071883e-05,10,0.0002570572965359,26.0,22.1,1.2,6.4,5.5,5.56,0.402479526378632,-0.7310486421436717,-0.2866305196254793,0.2866305196254793,0.6891100460041113,0.0002570242629699403
Maluku Barat Daya,Maluku,4551.6761161763725,0,0.0,2,0.0004393985751517,23.8,30.7,3.2,14.7,0.9,27.65,0.1319471916687423,2.440640316472414,-0.28437720522572646,0.28437720522572646,0.41632439689446876,0.0004393020678668514
Maluku Tengah,Maluku,8253.929151164335,0,0.0,1,0.0001211544201174,27.0,24.0,2.9,13.1,2.4,16.71,0.525448769428582,0.86987176928998,-0.28831023049179716,0.28831023049179716,0.8137589999203791,0.00012114708151337324
Maluku Tenggara,Maluku,1016.923303245586,2,0.0019667166576052,2,0.0019667166576052,28.1,24.6,2.0,7.9,1.6,21.16,0.660714936783527,1.508804130803859,-0.26551921472287016,0.26551921472287016,0.9262341515063972,0.0019647852024016867
Mamasa,Sulawesi Barat,3016.1297551422667,2,0.0006631014453506,4,0.0013262028907013,35.7,13.2,0.3,2.0,5.5,13.66,1.5952811839631464,0.4319518361175461,-0.27342421747144724,0.27342421747144724,1.8687054014345936,0.0013253242603898949
Mamberamo Raya,Papua,28042.391205858257,0,0.0,0,0.0,33.8,25.2,14.7,12.7,5.7,35.09,1.361639622168241,3.5088777928012376,-0.2898078481716705,0.2898078481716705,1.6514474703399116,0.0
Mamberamo Tengah,Papua Pegunungan,4101.485533870361,0,0.0,0,0.0,42.0,18.4,0.8,5.2,14.8,32.2,2.3699874151778304,3.0939307085821115,-0.2898078481716705,0.2898078481716705,2.659795263349501,0.0
Mamuju,Sulawesi Barat,4942.252098376494,1,0.0002023369063525,0,0.0,38.7,27.1,1.6,7.4,1.1,6.99,1.964188913112996,-0.5257288046234814,-0.2898078481716705,0.2898078481716705,2.2539967612846663,0.0
Mamuju Tengah,Sulawesi Barat,2758.334829975101,0,0.0,4,0.0014501502705659,31.5,22.3,2.5,8.1,4.8,7.22,1.0788103631533563,-0.4927053342531012,-0.27189410662419705,0.27189410662419705,1.3507044697775534,0.0014490998180822952
Mandailing Natal,Sumatera Utara,6547.257431322814,3,0.0004582071243522,0,0.0,22.2,14.4,0.4,2.7,1.6,7.91,-0.0648035972111776,-0.3936349231419603,-0.2898078481716705,0.2898078481716705,0.2250042509604929,0.0
Manggarai,Nusa Tenggara Timur,1343.8341492779005,1,0.0007441394464765,9,0.0066972550182893,41.0,25.0,1.6,6.2,1.9,18.1,2.247018172127881,1.0694483945718434,-0.207292527828011,0.207292527828011,2.454310699955892,0.0066749280367877075
Manggarai Barat,Nusa Tenggara Timur,3128.9973373342928,0,0.0,4,0.0012783647823132,31.1,25.6,1.6,7.7,1.3,16.09,1.0296226659333767,0.7808519795959113,-0.27401482202898986,0.27401482202898986,1.3036374879623667,0.0012775483697628342
Manggarai Timur,Nusa Tenggara Timur,2389.5295879029995,1,0.0004184924116706,0,0.0,38.8,25.4,1.6,8.9,1.6,23.51,1.9764858374179903,1.8462178498055704,-0.2898078481716705,0.2898078481716705,2.2662936855896607,0.0
Manokwari,Papua Barat,2763.017899894039,2,0.0007238461973325,6,0.0021715385919975,23.5,21.4,2.8,8.1,3.3,17.38,0.0950564187537572,0.9660705742819572,-0.26299243848100357,0.26299243848100357,0.35804885723476076,0.0021691842098742467
Manokwari Selatan,Papua Barat,1837.094846208076,0,0.0,8,0.0043547016728682,26.4,26.7,2.5,9.7,1.3,26.52,0.4516672235986118,2.278394570739677,-0.23609199102237985,0.23609199102237985,0.6877592146209917,0.00434524739663614
Mappi,Papua Selatan,24262.134738199147,0,0.0,0,0.0,29.9,22.3,2.2,8.6,3.2,28.46,0.8820595742734365,2.5569403642985367,-0.2898078481716705,0.2898078481716705,1.171867422445107,0.0
Maros,Sulawesi Selatan,1443.6256696743894,2,0.0013854006907837,20,0.0138540069078371,22.4,21.6,1.5,6.8,2.9,8.9,-0.0402097486011878,-0.251490420243367,-0.11972040001385785,0.11972040001385785,0.07951065141267005,0.013758917394804707
Maybrat,Papua Barat Daya,5385.6838208932095,0,0.0,0,0.0,30.7,24.0,1.3,6.4,1.3,29.0,0.9804349687133964,2.634473729515951,-0.2898078481716705,0.2898078481716705,1.2702428168850668,0.0
Melawi,Kalimantan Barat,10122.513394003709,0,0.0,2,0.0001975793878607,35.2,27.4,3.1,10.8,2.8,10.51,1.5337965624381715,-0.0203261276507053,-0.28736561718367054,0.28736561718367054,1.821162179621842,0.00019755987162407468
Mempawah,Kalimantan Barat,1935.418965568596,0,0.0,4,0.0020667359735337,28.6,25.5,1.6,10.4,2.8,4.49,0.722199558308502,-0.8846795695189189,-0.26428526657255413,0.26428526657255413,0.9864848248810562,0.0020646032128048847
Merangin,Jambi,7540.117440659347,1,0.0001326239289865,16,0.0021219828637842,9.6,5.6,0.9,3.4,4.1,8.07,-1.6142160596405466,-0.3706620741886523,-0.2636037330503944,0.2636037330503944,-1.3506123265901522,0.002119734638049653
Merauke,Papua Selatan,45013.04987608416,2,4.443155941456476e-05,6,0.0001332946782436,18.5,16.1,3.4,6.1,4.9,11.31,-0.5197897964959922,0.0945381171158348,-0.28816017196668303,0.28816017196668303,-0.23162962452930919,0.00013328579529733352
Mesuji,Lampung,2200.413761435429,0,0.0,0,0.0,11.1,13.1,1.7,7.7,2.8,5.92,-1.4297621950656216,-0.6793597319987287,-0.2898078481716705,0.2898078481716705,-1.1399543468939513,0.0
Mimika,Papua Tengah,18298.94767555411,4,0.0002185918048907,1,5.4647951222677015e-05,28.4,19.2,2.1,8.4,5.0,13.7,0.6976057096985117,0.437695048355873,-0.28913230980345384,0.28913230980345384,0.9867380195019655,5.4646458077788556e-05
Minahasa,Sulawesi Utara,1128.4528022462318,6,0.0053170145778864,7,0.0062031836742008,19.4,8.6,1.2,3.6,5.1,5.88,-0.4091174777510375,-0.6851029442370558,-0.21336108402158235,0.21336108402158235,-0.19575639372945516,0.006184023127122606
Minahasa Selatan,Sulawesi Utara,1456.6900657575543,2,0.0013729756569458,3,0.0020594634854188,28.1,14.7,1.2,4.4,8.2,8.26,0.660714936783527,-0.3433818160565991,-0.2643749838224125,0.2643749838224125,0.9250899206059395,0.0020573456976674697
Minahasa Selatan/Bolaang Mongondwo Timur,Sulawesi Utara,6.5281321484472254,0,0.0,0,0.0,27.4,,,,,,0.5746364666485617,,-0.2898078481716705,0.2898078481716705,0.8644443148202322,0.0
Minahasa Tenggara,Sulawesi Utara,753.1355560803473,1,0.0013277822191856,0,0.0,21.9,16.2,2.0,8.1,2.8,10.31,-0.1016943701261627,-0.0490421888423402,-0.2898078481716705,0.2898078481716705,0.1881134780455078,0.0
Minahasa Utara,Sulawesi Utara,995.5493635729702,2,0.0020089410662893,11,0.0110491758645916,18.9,13.7,2.3,7.3,4.4,6.05,-0.4706020992760125,-0.660694292224166,-0.15396725683054463,0.15396725683054463,-0.31663484244546786,0.010988579671028032
Mojokerto,Jawa Timur,984.6431389838384,3,0.0030467891170155,4,0.004062385489354,15.2,18.7,0.2,5.9,2.9,8.79,-0.925588298560827,-0.2672842538987665,-0.23969045329011462,0.23969045329011462,-0.6858978452707124,0.004054156280705314
Morowali,Sulawesi Tengah,4486.892354726461,0,0.0,0,0.0,22.6,18.5,0.7,7.8,2.5,10.38,-0.0156158999911974,-0.0389915674252679,-0.2898078481716705,0.2898078481716705,0.2741919481804731,0.0
Morowali Utara,Sulawesi Tengah,8736.00343501731,1,0.0001144688194594,0,0.0,20.4,21.1,2.2,6.4,2.5,10.38,-0.2861482347010876,-0.0389915674252679,-0.2898078481716705,0.2898078481716705,0.003659613470582912,0.0
Muara Enim,Sumatera Selatan,6763.911683286489,4,0.0005913737770828,7,0.001034904109895,20.4,16.0,0.6,5.4,3.5,9.45,-0.2861482347010876,-0.1725212519663709,-0.2770210007183674,0.2770210007183674,-0.009127233982720195,0.0010343689658200384
Muaro Jambi,Jambi,5159.614087348711,2,0.0003876258894834,14,0.0027133812263843,18.8,17.4,1.7,7.4,3.5,4.32,-0.4828990235810072,-0.9090882215318088,-0.25631051137913036,0.25631051137913036,-0.22658851220187687,0.002709706653055824
Muko Muko,Bengkulu,4138.67773856803,4,0.0009664922597679,1,0.0002416230649419,22.0,17.0,1.5,7.5,3.7,10.05,-0.0893974458211675,-0.0863730683914656,-0.28682126971096067,0.28682126971096067,0.19742382388979318,0.00024159387879041431
Muna,Sulawesi Tenggara,1858.264930374043,0,0.0,2,0.0010762728001315,25.0,22.1,2.0,6.8,0.4,12.4,0.2795102833286821,0.2510406506102456,-0.27651014109507077,0.27651014109507077,0.5560204244237529,0.001075694033797766
Muna Barat,Sulawesi Tenggara,818.9752504598863,1,0.0012210381198192,2,0.0024420762396384,28.4,24.1,1.5,9.7,1.2,12.83,0.6976057096985117,0.3127801821722608,-0.2596557548233366,0.2596557548233366,0.9572614645218482,0.0024390992172170496
Murung Raya,Kalimantan Tengah,23575.33370838455,1,4.241721505915951e-05,10,0.0004241721505915,15.8,13.0,0.7,4.2,5.1,6.19,-0.8518067527308569,-0.6405930493900214,-0.2845653527273394,0.2845653527273394,-0.5672414000035175,0.0004240822150160435
Musi Banyuasin,Sumatera Selatan,14550.7996547372,2,0.0001374494905748,3,0.0002061742358622,14.8,13.8,0.9,5.5,4.7,9.97,-0.9747759957808068,-0.0978594928681197,-0.2872593892979513,0.2872593892979513,-0.6875166064828555,0.00020615298487532046
Musi Rawas,Sumatera Selatan,6122.584991756773,0,0.0,2,0.0003266594098232,19.3,16.1,0.8,7.4,3.6,12.67,-0.4214144020560322,0.2898073332189528,-0.2857703508084555,0.2857703508084555,-0.13564405124757672,0.0003266060682542211
Musi Rawas Utara,Sumatera Selatan,5937.803280191994,1,0.0001684124503309,0,0.0,22.0,19.1,1.7,7.4,4.5,15.25,-0.0893974458211675,0.6602445225910444,-0.2898078481716705,0.2898078481716705,0.200410402350503,0.0
Nabire,Papua Tengah,11806.088187890486,0,0.0,2,0.0001694041216845,21.7,19.3,2.1,8.5,4.0,22.65,-0.1262882187361526,1.7227387866815391,-0.2877138553341873,0.2877138553341873,0.16142563659803472,0.00016938977442657835
Nagan Raya,Aceh,3524.1642916104784,1,0.0002837552160608,0,0.0,35.5,24.1,0.6,6.0,6.5,15.42,1.570687335353156,0.6846531746039342,-0.2898078481716705,0.2898078481716705,1.8604951835248267,0.0
Nagekeo,Nusa Tenggara Timur,1396.164231823827,0,0.0,0,0.0,25.0,23.3,3.1,8.7,1.8,12.18,0.2795102833286821,0.2194529832994469,-0.2898078481716705,0.2898078481716705,0.5693181315003526,0.0
Natuna,Kepulauan Riau,1999.1547164951853,3,0.0015006342306809,1,0.0005002114102269,18.5,15.1,1.2,5.4,4.6,4.81,-0.5197897964959922,-0.8387338716123031,-0.2836257912522498,0.2836257912522498,-0.23616400524374243,0.0005000863462033357
Nduga,Papua Pegunungan,5886.89137059699,0,0.0,0,0.0,36.0,28.4,3.4,11.6,5.1,32.89,1.6321719568781312,3.193001119693252,-0.2898078481716705,0.2898078481716705,1.9219798050498018,0.0
Ngada,Nusa Tenggara Timur,1735.6352268541534,7,0.0040331055118577,1,0.0005761579302653,28.9,23.2,1.7,11.1,2.7,11.22,0.7590903312234866,0.081615889579599,-0.2826874469670331,0.2826874469670331,1.0417777781905198,0.0005759920150108638
Nganjuk,Jawa Timur,1289.0667124970062,2,0.0015515100813718,3,0.0023272651220578,22.8,19.5,0.9,7.0,5.0,10.06,0.0089779486187924,-0.0849372653318839,-0.2610716709578674,0.2610716709578674,0.2700496195766598,0.0023245612348792573
Ngawi,Jawa Timur,1395.8036988079168,1,0.0007164331208278,16,0.0114629299332454,11.4,19.4,1.1,7.7,5.3,13.62,-1.3928714221506366,0.426208623879219,-0.14890936949094646,0.14890936949094646,-1.2439620526596902,0.01139772834632117
Nias,Sumatera Utara,902.3951094907752,0,0.0,1,0.0011081620339945,26.1,20.5,1.5,6.9,2.4,14.51,0.4147764506836272,0.5539950961819948,-0.2761163571527735,0.2761163571527735,0.6908928078364007,0.00110754847568722
Nias Barat,Sumatera Utara,464.2185122762253,0,0.0,0,0.0,34.4,26.8,2.7,6.4,2.3,22.47,1.4354211679982112,1.696894331609068,-0.2898078481716705,0.2898078481716705,1.7252290161698816,0.0
Nias Selatan,Sumatera Utara,2531.70334343026,0,0.0,1,0.0003949909860469,37.6,30.3,3.8,10.5,3.2,16.16,1.8289227457580512,0.7909026010129837,-0.28492594198050153,0.28492594198050153,2.1138486877385527,0.0003949129976431727
Nias Utara,Sumatera Utara,1238.0555528978557,0,0.0,1,0.0008077181978299,25.8,23.6,2.4,9.2,1.8,20.79,0.3778856777686422,1.455679417599334,-0.2798268831180195,0.2798268831180195,0.6577125608866616,0.0008073921690341297
Nunukan,Kalimantan Utara,13564.23842003943,1,7.372326916066499e-05,12,0.0008846792299279,21.7,17.6,1.1,1.1,4.4,5.27,-0.1262882187361526,-0.7726869308715425,-0.27887629683836707,0.27887629683836707,0.15258807810221447,0.0008842881319051682
Ogan Ilir,Sumatera Selatan,2302.8578766408605,0,0.0,1,0.0004342430378112,27.4,19.3,1.0,7.5,3.1,11.69,0.5746364666485617,0.1490986333799412,-0.2844409100425717,0.2844409100425717,0.8590773766911335,0.0004341487815890079
Ogan Komering Ilir,Sumatera Selatan,17071.33243585673,0,0.0,0,0.0,24.3,19.7,1.0,6.6,3.9,11.84,0.1934318131937173,0.1706356792736675,-0.2898078481716705,0.2898078481716705,0.48323966136538776,0.0
Ogan Komering Ulu,Sumatera Selatan,3774.496656326504,5,0.0013246799388785,3,0.0007948079633271,22.0,17.0,1.8,5.5,2.8,10.08,-0.0893974458211675,-0.0820656592127205,-0.27998635139003597,0.27998635139003597,0.19058890556886848,0.0007944922707433942
Ogan Komering Ulu Selatan,Sumatera Selatan,4369.251889860066,0,0.0,0,0.0,16.6,12.6,2.1,5.0,3.4,9.17,-0.7534313582908969,-0.2127237376346598,-0.2898078481716705,0.2898078481716705,-0.4636235101192264,0.0
Ogan Komering Ulu Timur,Sumatera Selatan,3412.7164254606205,0,0.0,1,0.000293021709199,17.4,16.1,1.2,6.2,3.7,8.86,-0.6550559638509373,-0.2572336324816942,-0.28618605055721347,0.28618605055721347,-0.3688699132937239,0.000292978786722576
Pacitan,Jawa Timur,1433.593334340694,1,0.0006975478861722,2,0.0013950957723445,11.7,8.6,0.1,1.8,5.0,12.97,-1.3559806492356516,0.3328814250064054,-0.27257372233931726,0.27257372233931726,-1.0834069268963344,0.0013941235303795488
Padang Lawas,Sumatera Utara,3914.41324168004,2,0.0005109322589409,0,0.0,25.2,20.2,2.2,8.7,2.9,7.32,0.304104131938672,-0.4783473036572836,-0.2898078481716705,0.2898078481716705,0.5939119801103425,0.0
Padang Lawas Utara,Sumatera Utara,3945.55095977064,1,0.0002534500276884,0,0.0,30.0,20.8,1.3,6.4,2.9,8.04,0.8943564985784317,-0.3749694833673977,-0.2898078481716705,0.2898078481716705,1.1841643467501022,0.0
Padang Pariaman,Sumatera Barat,1342.266431007282,0,0.0,2,0.0014900171484577,26.6,21.3,1.1,6.1,1.5,5.86,0.4762610722086021,-0.6879745503562191,-0.2714019965590732,0.2714019965590732,0.7476630687676753,0.0014889081743632887
Pakpak Bharat,Sumatera Utara,1365.6073456182523,0,0.0,0,0.0,27.5,11.6,0.3,2.2,1.3,6.4,0.5869333909535569,-0.6104411851388046,-0.2898078481716705,0.2898078481716705,0.8767412391252274,0.0
Pamekasan,Jawa Timur,795.1536334792738,2,0.0025152372017075,1,0.0012576186008537,22.3,17.4,1.2,6.2,2.6,12.77,-0.0525066729061825,0.3041653638147702,-0.27427096110670196,0.27427096110670196,0.22176428820051947,0.0012568284609747855
Pandeglang,Banten,2771.414171196468,0,0.0,4,0.0014433064684348,26.4,21.7,0.6,6.3,1.7,8.51,0.4516672235986118,-0.3074867395670553,-0.2719785873419008,0.2719785873419008,0.7236458109405126,0.001442265902770325
Pangandaran,Jawa Barat,1128.1536066995086,0,0.0,8,0.0070912329247473,17.3,13.6,0.5,5.9,2.2,8.03,-0.6673528881559321,-0.3764052864269794,-0.20245552860504942,0.20245552860504942,-0.4648973595508826,0.007066208366219857
Pangkajene Dan Kepulauan,Sulawesi Selatan,888.3542363710404,1,0.0011256770768438,0,0.0,25.2,24.0,0.5,8.7,2.0,11.6,0.304104131938672,0.1361764058437054,-0.2898078481716705,0.2898078481716705,0.5939119801103425,0.0
Paniai,Papua Tengah,5306.871007349029,0,0.0,2,0.0003768699102032,29.6,25.8,1.6,7.2,4.1,36.31,0.8451688013584518,3.684045766070211,-0.2851498679200498,0.2851498679200498,1.1303186692785017,0.0003767989125759445
Parigi Moutong,Sulawesi Tengah,5805.610053153443,1,0.0001722471869182,1,0.0001722471869182,22.3,22.0,5.7,8.7,4.3,13.51,-0.0525066729061825,0.4104147902238197,-0.2876787154242169,0.2876787154242169,0.23517204251803442,0.000172232354074752
Pasaman,Sumatera Barat,3902.444018003544,0,0.0,3,0.0007687490162984,29.1,20.1,0.2,5.5,1.8,6.02,0.7836841798334769,-0.6650017014029113,-0.2803082399009645,0.2803082399009645,1.0639924197344415,0.0007684536801232737
Pasaman Barat,Sumatera Barat,3852.992766560558,2,0.0005190770191311,0,0.0,26.6,21.9,1.5,6.6,2.0,6.3,0.4762610722086021,-0.6247992157346222,-0.2898078481716705,0.2898078481716705,0.7660689203802726,0.0
Pasangkayu,Sulawesi Barat,2903.183487047961,1,0.0003444494653752,0,0.0,36.7,31.7,1.2,10.0,1.3,,1.7182504270130965,,-0.2898078481716705,0.2898078481716705,2.008058275184767,0.0
Paser,Kalimantan Timur,10780.62693414978,1,9.275898387989858e-05,24,0.0022262156131175,23.4,22.1,1.5,10.9,5.5,8.13,0.0827594944487621,-0.3620472558311617,-0.26231800528863664,0.26231800528863664,0.34507749973739876,0.0022237412667446737
Pasuruan,Jawa Timur,1493.291254760102,4,0.0026786469064553,3,0.0020089851798415,26.1,25.3,1.8,9.3,2.4,8.21,0.4147764506836272,-0.3505608313545077,-0.26499772877406863,0.26499772877406863,0.6797741794576958,0.00200696986781835
Pati,Jawa Tengah,1572.8964338836383,8,0.0050861581396349,6,0.0038146186047261,16.5,17.4,0.6,8.8,3.1,8.24,-0.7657282825958921,-0.3462534221757625,-0.24274132646477364,0.24274132646477364,-0.5229869561311185,0.0038073613969746103
Pegunungan Arfak,Papua Barat,3298.813062583778,0,0.0,0,0.0,39.3,28.0,2.0,9.5,2.1,30.88,2.037970458942965,2.90440470471732,-0.2898078481716705,0.2898078481716705,2.3277783071146354,0.0
Pegunungan Bintang,Papua Pegunungan,13751.914120679208,1,7.271714986179756e-05,0,0.0,41.4,20.0,0.5,4.5,5.2,25.87,2.2962058693478604,2.185067371866863,-0.2898078481716705,0.2898078481716705,2.586013717519531,0.0
Pekalongan,Jawa Tengah,892.9136914612654,1,0.0011199290699233,0,0.0,19.5,20.1,0.8,8.8,1.8,8.05,-0.3968205534460423,-0.3735336803078157,-0.2898078481716705,0.2898078481716705,-0.10701270527437179,0.0
Pelalawan,Riau,13261.96055034039,2,0.0001508072650652,1,7.540363253262229e-05,16.8,15.5,1.4,6.7,3.3,7.24,-0.728837509680907,-0.4898337281339376,-0.2888757451898846,0.2888757451898846,-0.43996176449102237,7.540078982162233e-05
Pemalang,Jawa Tengah,1137.4125193160266,5,0.0043959424703771,2,0.0017583769881508,19.1,20.5,1.0,5.9,2.6,13.32,-0.4460082506660221,0.3831345320917666,-0.26808991730083903,0.26808991730083903,-0.1779183333651831,0.0017568328531838424
Penajam Paser Utara,Kalimantan Timur,3194.648042594289,1,0.0003130235276834,26,0.0081386117197705,32.0,25.7,2.0,8.8,5.4,5.78,1.1402949846783317,-0.6994609748328732,-0.18960570317280487,0.18960570317280487,1.3299006878511366,0.008105671822076242
Penukal Abab Lematang Ilir,Sumatera Selatan,1842.563425975168,1,0.0005427221586528,0,0.0,20.5,16.4,1.3,7.3,2.9,9.27,-0.2738513103960924,-0.1983657070388423,-0.2898078481716705,0.2898078481716705,0.015956537775578095,0.0
Pesawaran,Lampung,1288.0794035597858,0,0.0,2,0.0015526993091207,15.5,13.7,1.8,7.4,2.9,10.93,-0.888697525645842,0.0399776008517282,-0.27062829807639605,0.27062829807639605,-0.6180692275694459,0.001551495117885208
Pesisir Barat,Lampung,2939.597477411502,2,0.0006803652593147,1,0.0003401826296573,19.8,14.8,0.7,2.5,1.9,12.13,-0.3599297805310573,0.2122739680015384,-0.2856032327692624,0.2856032327692624,-0.07432654776179487,0.0003401247806656493
Pesisir Selatan,Sumatera Barat,6045.648736621235,0,0.0,5,0.000827041103085,26.5,20.7,1.4,7.9,1.8,6.52,0.463964147903607,-0.5932115484238237,-0.27958820885614843,0.27958820885614843,0.7435523567597555,0.000826699293039559
Pidie,Aceh,3177.4900332822463,2,0.0006294276233918,9,0.0028324243052631,32.6,29.1,2.1,7.2,0.4,16.46,1.2140765305083017,0.8339766928004363,-0.25484297267608175,0.25484297267608175,1.4689195031843834,0.0028284205499813034
Pidie Jaya,Aceh,939.0044742455176,0,0.0,0,0.0,31.6,25.9,0.9,11.4,2.3,16.12,1.0911072874583516,0.7851593887746569,-0.2898078481716705,0.2898078481716705,1.3809151356300222,0.0
Pinrang,Sulawesi Selatan,1895.2368557838363,1,0.0005276385360216,1,0.0005276385360216,22.2,21.2,1.9,7.8,3.1,8.38,-0.0648035972111776,-0.326152179341618,-0.28328691185718885,0.28328691185718885,0.21848331464601126,0.0005274993837551663
Pohuwato,Gorontalo,4370.359277004636,1,0.0002288141401238,0,0.0,18.0,18.2,1.3,7.0,2.2,15.24,-0.5812744180209672,0.6588087195314627,-0.2898078481716705,0.2898078481716705,-0.29146656984929675,0.0
Polewali Mandar,Sulawesi Barat,2075.271027882648,1,0.000481864771668,5,0.0024093238583402,31.5,26.5,0.6,8.5,0.8,14.02,1.0788103631533563,0.483640746262489,-0.26005965932263736,0.26005965932263736,1.3388700224759937,0.0024064260911195114
Ponorogo,Jawa Timur,1418.618210339682,5,0.0035245564758419,3,0.0021147338855051,13.4,,,,,8.86,-1.1469329360507368,-0.2572336324816942,-0.26369315533933513,0.26369315533933513,-0.8832397807114016,0.0021125009832437588
Poso,Sulawesi Tengah,7545.9090544005,1,0.0001325221378618,0,0.0,21.1,17.1,0.8,4.0,2.8,12.9,-0.2000697645661223,0.3228308035893331,-0.2898078481716705,0.2898078481716705,0.08973808360554819,0.0
Pringsewu,Lampung,617.1920314983506,1,0.0016202412684627,1,0.0016202412684627,19.5,19.7,1.6,9.5,2.3,7.6,-0.3968205534460423,-0.4381448179889947,-0.26979466832063553,0.26979466832063553,-0.12702588512540675,0.0016189300936672998
Probolinggo,Jawa Timur,1724.5102222350797,3,0.0017396243648308,0,0.0,26.3,21.6,1.1,5.9,2.7,16.31,0.4393702992936171,0.8124396469067098,-0.2898078481716705,0.2898078481716705,0.7291781474652876,0.0
Pulang Pisau,Kalimantan Tengah,9650.8539202225,0,0.0,2,0.0002072355479144,27.9,24.6,3.8,8.8,6.8,4.79,0.6361210881735367,-0.8416054777314664,-0.2872462720920201,0.2872462720920201,0.9233673602655568,0.00020721407759446476
Pulau Morotai,Maluku Utara,2337.3310642170813,2,0.0008556768147305,2,0.0008556768147305,17.7,18.4,2.3,8.8,1.8,4.49,-0.6181651909359522,-0.8846795695189189,-0.2792345123752733,0.2792345123752733,-0.33893067856067893,0.0008553109320282203
Pulau Taliabu,Maluku Utara,2985.748181367538,0,0.0,0,0.0,24.9,25.5,3.0,11.6,1.4,6.63,0.267213359023687,-0.5774177147684244,-0.2898078481716705,0.2898078481716705,0.5570212071953575,0.0
Puncak,Papua Tengah,7701.027348844432,0,0.0,1,0.0001298528046585,42.5,27.0,4.3,13.8,5.7,36.94,2.431472036702805,3.7745013588238607,-0.2882027147382163,0.2882027147382163,2.7196747514410213,0.00012984437451283863
Puncak Jaya,Papua Tengah,5986.189951594299,0,0.0,0,0.0,36.3,27.1,4.0,12.9,11.0,35.46,1.6690627297931158,3.562002506005762,-0.2898078481716705,0.2898078481716705,1.9588705779647864,0.0
Purbalingga,Jawa Tengah,805.756505809098,4,0.0049642788747742,13,0.0161339063430162,22.3,13.1,0.4,3.7,2.6,12.55,-0.0525066729061825,0.2725776965039719,-0.0919526673596567,0.0919526673596567,0.039445994453474194,0.016005138053460793
Purwakarta,Jawa Barat,993.0916648102408,3,0.003020869176838,3,0.003020869176838,14.4,10.8,0.2,3.4,4.2,7.87,-1.023963693000787,-0.3993781353802873,-0.25252021900006977,0.25252021900006977,-0.7714434740007172,0.0030163155199092167
Purworejo,Jawa Tengah,1081.9652502786792,6,0.0055454646056835,11,0.0101666851104199,14.9,10.9,0.4,4.6,3.7,10.06,-0.962479071475812,-0.0849372653318839,-0.16476207898816608,0.16476207898816608,-0.7977169924876459,0.010115351999221735
Raja Ampat,Papua Barat Daya,7442.306281405912,0,0.0,2,0.0002687339010753,37.4,33.7,4.4,10.5,0.9,16.57,1.8043288971480609,0.8497705264558355,-0.2864862116230879,0.2864862116230879,2.0908151087711486,0.0002686977985883364
Rejang Lebong,Bengkulu,1559.4191215525088,1,0.0006412644209495,26,0.0166728749446878,24.7,15.8,0.6,5.4,2.0,11.71,0.2426195104136971,0.1519702394991048,-0.08539747602206196,0.08539747602206196,0.32801698643575905,0.01653540843553756
Rembang,Jawa Tengah,1037.5382740281889,2,0.0019276397315301,2,0.0019276397315301,15.8,15.3,0.6,5.4,2.5,13.01,-0.8518067527308569,0.3386246372447323,-0.26600134407144166,0.26600134407144166,-0.5858054086594153,0.0019257842181876616
Rokan Hilir,Riau,9068.458541666085,0,0.0,1,0.0001102723241668,24.5,22.3,1.9,9.9,1.7,7.16,0.2180256618037072,-0.5013201526105916,-0.2884447391691692,0.2884447391691692,0.5064704009728764,0.00011026624462099442
Rokan Hulu,Riau,7658.149419532541,3,0.0003917395490284,1,0.0001305798496761,21.4,22.9,4.0,9.2,3.4,8.71,-0.1631789916511377,-0.2787706783754202,-0.28819372819315775,0.28819372819315775,0.12501473654202006,0.00013057132486963318
Rote Ndao,Nusa Tenggara Timur,1286.4528112475168,0,0.0,1,0.000777331271895,32.4,40.0,7.1,17.5,1.1,24.37,1.1894826818983113,1.969696912929601,-0.2802022281886529,0.2802022281886529,1.4696849100869642,0.0007770293064165408
Sabu Raijua,Nusa Tenggara Timur,460.95659402822,0,0.0,1,0.0021694016594082,32.2,36.1,4.8,10.6,0.9,27.18,1.1648888332883218,2.3731575726720724,-0.2630187979843229,0.2630187979843229,1.4279076312726446,0.0021670519053881322
Sambas,Kalimantan Barat,5937.995860006902,5,0.0008420349420712,1,0.0001684069884142,36.4,30.5,2.0,9.7,3.8,6.37,1.6813596540981108,-0.6147485943175499,-0.28772617979308424,0.28772617979308424,1.969085833891195,0.00016839280954918426
Samosir,Sumatera Utara,1850.035784519965,3,0.0016215902552276,0,0.0,28.6,11.9,0.6,2.9,4.0,10.79,0.722199558308502,0.0198763580175836,-0.2898078481716705,0.2898078481716705,1.0120074064801725,0.0
Sampang,Jawa Timur,1228.252057073242,1,0.0008141651334847,16,0.0130266421357565,18.9,13.9,0.5,4.4,2.3,20.61,-0.4706020992760125,1.4298349625268625,-0.12981262377292388,0.12981262377292388,-0.3407894755030886,0.012942525153432268
Sanggau,Kalimantan Barat,12452.224115773555,2,0.0001606138776017,3,0.0002409208164025,21.3,21.7,4.3,7.7,5.8,4.61,-0.1754759159561324,-0.8674499328039379,-0.2868299487986505,0.2868299487986505,0.11135403284251807,0.0002408917996430127
Sarmi,Papua,14068.376797991954,0,0.0,0,0.0,31.6,20.0,4.6,10.7,5.8,15.17,1.0911072874583516,0.6487580981143903,-0.2898078481716705,0.2898078481716705,1.3809151356300222,0.0
Sarolangun,Jambi,5935.893756096918,1,0.0001684666271145,12,0.0020215995253746,6.6,6.2,0.8,3.5,2.7,8.74,-1.9831237887903963,-0.2744632691966751,-0.2648421041284071,0.2648421041284071,-1.7182816846619893,0.002019558842886435
Sekadau,Kalimantan Barat,5979.043763008166,1,0.000167250824653,4,0.0006690032986123,14.4,21.4,2.7,12.6,2.6,5.61,-1.023963693000787,-0.723869626845763,-0.2815404085945536,0.2815404085945536,-0.7424232844062333,0.0006687796156630504
Seluma,Bengkulu,2432.1633128422086,1,0.0004111566006772,4,0.0016446264027088,22.6,17.7,0.7,4.8,2.2,15.98,-0.0156158999911974,0.7650581459405122,-0.26949371109545395,0.26949371109545395,0.25387781110425656,0.0016432754856729537
Semarang,Jawa Tengah,1019.2704556739716,3,0.0029432816219678,9,0.0088298448659035,14.5,13.6,0.4,4.1,3.9,6.3,-1.011666768695792,-0.6247992157346222,-0.18113258109067976,0.18113258109067976,-0.8305341876051123,0.00879108975306835
Seram Bagian Barat,Maluku,5017.138151321335,0,0.0,0,0.0,33.8,28.9,6.8,13.5,4.0,21.85,1.361639622168241,1.6078745419149998,-0.2898078481716705,0.2898078481716705,1.6514474703399116,0.0
Seram Bagian Timur,Maluku,5725.446205152471,5,0.0008732943810563,0,0.0,35.0,29.6,2.1,7.6,2.4,20.9,1.5092027138281812,1.471473251254733,-0.2898078481716705,0.2898078481716705,1.7990105619998515,0.0
Serang,Banten,1469.9082136390489,0,0.0,2,0.0013606291749663,20.2,17.5,1.6,8.6,2.8,4.48,-0.3107420833110775,-0.8861153725785007,-0.272999211427555,0.272999211427555,-0.03774287188352249,0.001359704357884102
Serdang Bedagai,Sumatera Utara,1949.18008646322,3,0.0015391086851515,0,0.0,19.0,18.8,1.3,8.5,0.7,6.18,-0.4583051749710173,-0.6420288524496032,-0.2898078481716705,0.2898078481716705,-0.1684973267993468,0.0
Seruyan,Kalimantan Tengah,15215.143342305617,0,0.0,2,0.0001314479893488,32.2,25.4,1.1,7.2,6.9,6.72,1.1648888332883218,-0.5644954872321887,-0.28818299767458566,0.28818299767458566,1.4530718309629074,0.00013143935081885139
Siak,Riau,7805.71490397366,1,0.0001281112636449,4,0.0005124450545796,16.2,17.1,0.7,8.0,2.6,4.4,-0.8026190555108772,-0.8976017970551546,-0.2834746357317423,0.2834746357317423,-0.5191444197791348,0.0005123137994513983
Sidenreng Rappang,Sulawesi Selatan,1832.3003439594804,2,0.0010915241088031,6,0.0032745723264093,20.3,15.5,0.7,5.0,3.8,4.91,-0.2984451590060823,-0.8243758410164854,-0.2493937871058671,0.2493937871058671,-0.04905137190021522,0.0032692225900000397
Sidoarjo,Jawa Timur,724.0404814750759,8,0.0110491059611773,12,0.016573658941766,10.6,9.6,0.3,4.0,8.3,4.4,-1.4912468165905963,-0.8976017970551546,-0.08660392701262712,0.08660392701262712,-1.4046428895779692,0.016437814758285933
Sigi,Sulawesi Tengah,5225.434406542253,2,0.0003827432983363,6,0.0011482298950089,33.0,30.8,2.5,8.5,1.4,10.47,1.2632642277282815,-0.0260693398890321,-0.27562159728160385,0.27562159728160385,1.5388858250098854,0.0011475711832498081
Sijunjung,Sumatera Barat,3150.5797872680937,0,0.0,2,0.0006348037932834,28.2,22.2,0.4,5.9,1.9,5.15,0.6730118610885217,-0.7899165675865234,-0.2819629067338933,0.2819629067338933,0.954974767822415,0.0006346023905850404
Sikka,Nusa Tenggara Timur,1671.6490242375228,2,0.0011964233945054,11,0.00658032866978,32.3,35.9,3.8,15.5,3.0,11.25,1.1771857575933162,0.0859232987583442,-0.20872843619988066,0.20872843619988066,1.385914193793197,0.006558772818463
Simalungun,Sumatera Utara,4601.477397807731,4,0.0008692860258111,0,0.0,26.0,17.6,2.6,6.8,2.1,6.91,0.402479526378632,-0.5372152291001354,-0.2898078481716705,0.2898078481716705,0.6922873745503024,0.0
Simeulue,Aceh,1821.7465132196885,1,0.0005489237897497,0,0.0,25.5,24.5,2.7,10.0,0.9,15.52,0.3409949048536571,0.6990112051997516,-0.2898078481716705,0.2898078481716705,0.6308027530253275,0.0
Sinjai,Sulawesi Selatan,865.2442931310801,1,0.0011557429594609,3,0.0034672288783828,28.6,23.1,1.5,6.9,2.5,7.41,0.722199558308502,-0.4654250761210479,-0.24702017206556284,0.24702017206556284,0.9692197303740648,0.003461231898272516
Sintang,Kalimantan Barat,22025.78742093684,4,0.0001816053121532,2,9.080265607661678e-05,31.0,26.2,3.2,8.8,3.9,7.93,1.0173257416283816,-0.3907633170227969,-0.28868539860231784,0.28868539860231784,1.3060111402306995,9.079853376498418e-05
Situbondo,Jawa Timur,1653.7221511890689,2,0.0012093930038742,12,0.0072563580232457,10.6,21.1,0.7,12.1,3.1,11.17,-1.4912468165905963,0.0744368742816902,-0.20042879496991928,0.20042879496991928,-1.290818021620677,0.007230157328762671
Sleman,Daerah Istimewa Yogyakarta,573.7494837614153,16,0.0278867353310828,60,0.1045752574915606,17.3,14.2,1.4,5.4,3.9,6.71,-0.6673528881559321,-0.5659312902917704,0.9397254477115616,-0.9397254477115616,-1.6070783358674938,0.09946087871530167
Solok,Sumatera Barat,3590.4037265944385,0,0.0,5,0.0013926010501171,29.5,14.7,0.4,2.5,1.7,6.52,0.8328718770534568,-0.5932115484238237,-0.27260451911711064,0.27260451911711064,1.1054763961705674,0.001391632280576727
Solok Selatan,Sumatera Barat,3282.1439327013177,2,0.0006093577981371,5,0.0015233944953428,21.5,17.0,1.3,6.4,2.0,6.0,-0.1508820673461425,-0.6678733075220746,-0.27099000724383354,0.27099000724383354,0.12010793989769103,0.0015222353070666068
Soppeng,Sulawesi Selatan,1385.5463116978783,0,0.0,4,0.0028869478892396,26.6,22.6,1.6,8.7,3.9,6.65,0.4762610722086021,-0.5745461086492608,-0.25417087526239107,0.25417087526239107,0.7304319474709932,0.00288278865824789
Sorong,Papua Barat Daya,7564.653034023243,0,0.0,0,0.0,25.1,23.5,0.7,10.3,4.1,25.1,0.2918072076336773,2.074510536279069,-0.2898078481716705,0.2898078481716705,0.5816150558053478,0.0
Sorong Selatan,Papua Barat Daya,6570.22619320429,1,0.0001522017614909,0,0.0,31.3,30.3,4.2,16.1,2.6,17.66,1.0542165145433666,1.0062730599502463,-0.2898078481716705,0.2898078481716705,1.3440243627150372,0.0
Sragen,Jawa Tengah,994.5728559000923,7,0.0070381973110104,5,0.0050272837935788,15.8,13.4,0.2,5.1,3.9,11.22,-0.8518067527308569,0.081615889579599,-0.2278163655461063,0.2278163655461063,-0.6239903871847506,0.005014689195849583
Subang,Jawa Barat,2165.5481741779995,2,0.0009235536867052,7,0.0032324379034685,12.4,10.4,1.1,4.2,6.0,9.23,-1.2699021791006866,-0.2041089192771692,-0.24991296281747943,0.24991296281747943,-1.0199892162832072,0.003227224807054675
Sukabumi,Jawa Barat,4164.151779938213,5,0.0012007247248019,14,0.0033620292294455,20.5,13.8,0.4,3.1,3.9,6.41,-0.2738513103960924,-0.609005382079223,-0.24831622238862766,0.24831622238862766,-0.025535088007464735,0.003356390244595561
Sukamara,Kalimantan Tengah,3311.2304141473287,1,0.0003020025413294,1,0.0003020025413294,20.0,18.8,0.9,8.1,8.0,4.02,-0.3353359319210674,-0.9521623133192612,-0.2860750627190718,0.2860750627190718,-0.04926086920199563,0.0003019569477412706
Sukoharjo,Jawa Tengah,493.5299615989824,6,0.0121573166106484,5,0.0101310971755403,16.8,14.9,0.4,6.7,4.3,6.83,-0.728837509680907,-0.5487016535767893,-0.16519759627498554,0.16519759627498554,-0.5636399134059215,0.01008012161368618
Sumba Barat,Nusa Tenggara Timur,757.407387874564,0,0.0,6,0.0079217605954929,35.2,24.9,4.5,9.0,4.1,26.47,1.5337965624381715,2.271215555441768,-0.19226505712440448,0.19226505712440448,1.726061619562576,0.007890548179856287
Sumba Barat Daya,Nusa Tenggara Timur,1383.3124993934714,1,0.0007229024536671,5,0.0036145122683358,47.5,44.8,2.9,12.7,1.7,25.66,3.046318251952555,2.1549155076156463,-0.245205882051979,0.245205882051979,3.291524134004534,0.0036079956171564524
Sumba Tengah,Nusa Tenggara Timur,1789.658690362446,0,0.0,10,0.005587657609717,37.4,30.1,3.9,7.8,0.7,29.23,1.8043288971480609,2.6674971998863315,-0.22092560850001358,0.22092560850001358,2.0252545056480744,0.005572104560779337
Sumba Timur,Nusa Tenggara Timur,6984.0140610808185,3,0.000429552399775,25,0.0035796033314588,30.9,31.2,3.8,13.0,1.6,25.64,1.0050288173233863,2.152043901496483,-0.24563587887384725,0.24563587887384725,1.2506646961972336,0.003573211799677904
Sumbawa,Nusa Tenggara Barat,6655.917234368352,1,0.0001502422528387,9,0.001352180275549,29.8,25.8,0.9,0.6,0.6,11.79,0.8697626499684418,0.1634566639757586,-0.27310351506693603,0.27310351506693603,1.1428661650353777,0.0013512669030703304
Sumbawa Barat,Nusa Tenggara Barat,1743.5798910262006,0,0.0,1,0.0005735326526457,18.2,17.7,2.0,8.1,2.2,10.98,-0.5566805694109773,0.047156616149637,-0.2827198819487889,0.2827198819487889,-0.27396068746218843,0.0005733682456527236
Sumedang,Jawa Barat,1566.204387365796,4,0.002553945086776,3,0.001915458815082,17.0,9.7,0.0,2.6,2.9,8.81,-0.7042436610709172,-0.2644126477796027,-0.2661516355125968,0.2661516355125968,-0.4380920255583204,0.0019136266630805927
Sumenep,Jawa Timur,2084.0232656934604,2,0.0009596821844186,2,0.0009596821844186,11.2,7.7,1.0,3.2,2.2,17.02,-1.4174652707606268,0.9143816641370142,-0.2779499661324666,0.2779499661324666,-1.1395153046281603,0.00095922198387836
Supiori,Papua,660.611724705258,1,0.0015137484888663,0,0.0,37.5,27.0,2.1,8.5,3.1,42.56,1.816625821453056,4.581422678308805,-0.2898078481716705,0.2898078481716705,2.1064336696247263,0.0
Tabalong,Kalimantan Selatan,3473.0691968658066,2,0.0005758595313346,10,0.0028792976566733,23.1,19.4,1.8,7.6,3.7,4.67,0.0458687215337774,-0.8588351144464474,-0.2542651753979977,0.2542651753979977,0.3001338969317751,0.0028751604188323294
Tabanan,Bali,849.3140483866858,4,0.0047096830761226,0,0.0,7.5,7.1,0.6,3.6,7.9,4.23,-1.872451470045441,-0.9220104490680444,-0.2898078481716705,0.2898078481716705,-1.5826436218737707,0.0
Takalar,Sulawesi Selatan,555.4311690353312,1,0.0018004031025784,6,0.0108024186154708,24.0,22.1,2.0,8.0,2.0,7.27,0.1565410402787322,-0.4855263189551924,-0.1569846968443165,0.1569846968443165,0.3135257371230487,0.010744489302556249
Tambrauw,Papua Barat Daya,11954.818172471514,0,0.0,0,0.0,37.9,26.5,2.2,8.7,1.1,28.94,1.865813518673036,2.6258589111584607,-0.2898078481716705,0.2898078481716705,2.1556213668447066,0.0
Tana Tidung,Kalimantan Utara,3504.3356773374635,0,0.0,4,0.0011414431630702,7.4,12.3,0.7,5.1,5.5,4.56,-1.884748394350436,-0.8746289481018468,-0.2757053987804205,0.2757053987804205,-1.6090429955700154,0.001140792212124855
Tana Toraja,Sulawesi Selatan,2043.6225060982072,0,0.0,1,0.0004893271614576,27.5,11.4,0.1,2.5,2.4,10.54,0.5869333909535569,-0.0160187184719601,-0.283760275568465,0.283760275568465,0.870693666522022,0.000489207479962809
Tanah Bumbu,Kalimantan Selatan,4884.832614359464,0,0.0,5,0.0010235765265122,21.6,17.9,1.7,5.6,6.1,3.13,-0.1385851430411473,-1.079948785622037,-0.27716088808876066,0.27716088808876066,0.13857574504761336,0.0010230530292552685
Tanah Datar,Sumatera Barat,1377.1856182562003,2,0.0014522370648427,5,0.0036305926621068,26.9,19.6,1.5,4.9,1.8,3.59,0.5131518451235868,-1.0139018448812764,-0.24500781407320624,0.24500781407320624,0.7581596591967931,0.0036240179691172025
Tanah Laut,Kalimantan Selatan,3841.371943242616,0,0.0,26,0.00676841513505,22.5,24.1,1.5,6.8,5.6,3.0,-0.0279128242961926,-1.0986142253965998,-0.2064187310866145,0.2064187310866145,0.1785059067904219,0.006745612248438466
Tangerang,Banten,1027.756950644938,5,0.0048649634496389,19,0.0184868611086279,23.4,20.5,1.2,7.9,2.9,6.42,0.0827594944487621,-0.6075695790196411,-0.06336041972575127,0.06336041972575127,0.14611991417451337,0.01831805636452686
Tanggamus,Lampung,2947.592297941628,2,0.0006785198894014,2,0.0006785198894014,24.9,,,,,10.1,0.267213359023687,-0.079194053093557,-0.28142284390945566,0.28142284390945566,0.5486362029331426,0.0006782897988560347
Tanjung Jabung Barat,Jambi,5546.063113662584,1,0.0001803080815175,2,0.0003606161630351,7.0,8.8,2.1,5.8,2.3,9.67,-1.933936091570416,-0.1409335846555723,-0.28535072233785735,0.28535072233785735,-1.6485853692325587,0.00036055115665434376
Tanjung Jabung Timur,Jambi,4546.630873991502,1,0.0002199430804291,0,0.0,23.9,17.9,1.7,8.0,5.0,9.96,0.144244115973737,-0.0992952959277014,-0.2898078481716705,0.2898078481716705,0.4340519641454075,0.0
Tapanuli Selatan,Sumatera Utara,4201.0349711537065,2,0.0004760731614311,1,0.0002380365807155,6.6,,,,,6.16,-1.9831237887903963,-0.6449004585687667,-0.28686559512316345,0.28686559512316345,-1.6962581936672327,0.0002380082545036479
Tapanuli Tengah,Sumatera Utara,2308.3620804526604,3,0.0012996228041537,0,0.0,32.3,27.8,3.1,8.8,2.4,11.03,1.1771857575933162,0.0543356314475456,-0.2898078481716705,0.2898078481716705,1.4669936057649866,0.0
Tapanuli Utara,Sumatera Utara,3895.6041717888224,1,0.000256699591617,2,0.0005133991832341,32.5,13.8,0.8,2.9,3.9,7.47,1.2017796062033064,-0.4568102577635574,-0.28346284686010703,0.28346284686010703,1.4852424530634134,0.0005132674389630994
Tapin,Kalimantan Selatan,2155.938039020136,0,0.0,10,0.0046383522248834,13.2,16.8,2.1,8.3,2.8,2.91,-1.171526784660727,-1.1115364529328355,-0.23260120523870786,0.23260120523870786,-0.938925579422019,0.00462762821756502
Tasikmalaya,Jawa Barat,2705.8552679028494,1,0.0003695689166608,16,0.0059131026665741,17.0,9.7,0.6,1.1,1.7,10.15,-0.7042436610709172,-0.0720150377956482,-0.2169254658411218,0.2169254658411218,-0.48731819522979536,0.0058956888875902206
Tebo,Jambi,6103.736895858864,3,0.0004915021815628,5,0.0008191703026046,24.2,19.4,3.2,6.3,1.7,5.97,0.1811348888887221,-0.6721807167008199,-0.2796854275053253,0.2796854275053253,0.4608203163940474,0.0008188349657317746
Tegal,Jawa Tengah,983.9010534349449,5,0.0050818118168938,5,0.0050818118168938,15.9,19.9,1.2,9.6,2.1,6.16,-0.839509828425862,-0.6449004585687667,-0.22714568127150522,0.22714568127150522,-0.6123641471543567,0.005068942990777877
Teluk Bintuni,Papua Barat,19943.28348165559,1,5.014219453480812e-05,1,5.014219453480812e-05,22.3,21.9,2.3,8.9,2.7,25.34,-0.0525066729061825,2.1089698097090306,-0.2891880069548375,0.2891880069548375,0.236681334048655,5.014093745699332e-05
Teluk Wondama,Papua Barat,4847.340361211741,0,0.0,0,0.0,29.2,29.7,2.7,12.4,0.5,27.57,0.7959811041384717,2.4291538919957607,-0.2898078481716705,0.2898078481716705,1.0857889523101423,0.0
Temanggung,Jawa Tengah,864.834142573114,4,0.0046251642980917,3,0.0034688732235688,27.3,13.6,0.0,2.6,3.1,7.78,0.562339542343567,-0.4123003629165231,-0.24699991495755835,0.24699991495755835,0.8093394573011253,0.0034628705604942767
Timor Tengah Selatan,Nusa Tenggara Timur,3933.151126180682,1,0.0002542490659317,15,0.0038137359889768,56.8,46.0,4.4,11.5,2.2,24.5,4.189932212317088,1.9883623527041636,-0.24275219588425528,0.24275219588425528,4.432684408201343,0.0038064821348868035
Timor Tengah Utara,Nusa Tenggara Timur,2623.199830097152,1,0.0003812138093814,1,0.0003812138093814,47.3,40.3,3.0,13.0,1.3,20.17,3.021724403342565,1.366659627905266,-0.28509618907607726,0.28509618907607726,3.3068205924186422,0.0003811411658583915
Toba,Sumatera Utara,2291.615456889073,3,0.001309120162801,0,0.0,27.1,11.2,1.0,1.9,3.1,,0.5377456937335772,,-0.2898078481716705,0.2898078481716705,0.8275535419052477,0.0
Tojo Una Una,Sulawesi Tengah,5572.858850596862,1,0.0001794411139433,0,0.0,16.5,27.3,2.9,10.7,2.3,14.67,-0.7657282825958921,0.5769679451353028,-0.2898078481716705,0.2898078481716705,-0.4759204344242216,0.0
Toli Toli,Sulawesi Tengah,3700.368982381557,1,0.0002702433202638,1,0.0002702433202638,26.9,24.0,2.1,9.0,2.6,12.2,0.5131518451235868,0.2223245894186104,-0.28646755724189216,0.28646755724189216,0.799619402365479,0.0002702068111151473
Tolikara,Papua Pegunungan,2990.0083857593645,0,0.0,0,0.0,46.4,26.5,1.9,7.9,11.7,28.75,2.91105208459761,2.5985786530264074,-0.2898078481716705,0.2898078481716705,3.2008599327692804,0.0
Toraja Utara,Sulawesi Selatan,1289.1341588031569,3,0.0023271433617004,0,0.0,27.6,14.5,1.0,2.0,2.8,10.05,0.5992303152585521,-0.0863730683914656,-0.2898078481716705,0.2898078481716705,0.8890381634302226,0.0
Trenggalek,Jawa Timur,1249.2323538664525,2,0.001600983190845,6,0.0048029495725351,6.7,9.0,0.7,3.7,5.1,10.29,-1.9708268644854008,-0.0519137949615039,-0.23057601648502482,0.23057601648502482,-1.740250848000376,0.004791452209709101
Tuban,Jawa Timur,1973.501455837024,4,0.0020268543446822,10,0.0050671358617056,11.3,17.0,1.7,9.6,3.4,14.13,-1.4051683464556315,0.4994345799178885,-0.22732618913917546,0.22732618913917546,-1.177842157316456,0.005054341132338074
Tulang Bawang,Lampung,3116.062393797324,1,0.000320917835917,2,0.0006418356718341,18.3,17.1,0.5,4.1,3.8,,-0.5443836451059821,,-0.2818760342512054,0.2818760342512054,-0.26250761085477675,0.0006416297834122592
Tulang Bawang Barat,Lampung,1257.087675270125,0,0.0,1,0.0007954894632032,13.4,13.7,1.3,4.6,2.2,6.72,-1.1469329360507368,-0.5644954872321887,-0.279977933396423,0.279977933396423,-0.8669550026543138,0.0007951732291562884
Tulungagung,Jawa Timur,1144.525262962955,2,0.0017474494139363,3,0.0026211741209045,13.6,11.8,0.6,6.5,6.4,5.96,-1.1223390874407468,-0.6736165197604017,-0.25744734144182657,0.25744734144182657,-0.8648917459989203,0.0026177448352145967
Wajo,Sulawesi Selatan,2608.7117138767435,2,0.0007666619463397,2,0.0007666619463397,20.5,25.1,2.4,10.8,3.0,5.86,-0.2738513103960924,-0.6879745503562191,-0.280334020424156,0.280334020424156,0.00648271002806361,0.0007663682111905038
Wakatobi,Sulawesi Tenggara,454.8293307013295,1,0.0021986268969462,1,0.0021986268969462,24.1,26.8,2.4,10.9,1.5,13.4,0.1688379645837274,0.3946209565684206,-0.2626583035360514,0.2626583035360514,0.4314962681197788,0.0021962134536903373
Waropen,Papua,10778.766782213115,0,0.0,1,9.277499181540674e-05,22.3,24.5,5.2,10.3,3.1,32.6,-0.0525066729061825,3.1513628309653816,-0.28866101886708384,0.28866101886708384,0.23615434596090135,9.277068848201266e-05
Way Kanan,Lampung,3522.113656139281,0,0.0,0,0.0,13.9,11.0,0.1,3.8,3.8,9.36,-1.0854483145257618,-0.1854434795026066,-0.2898078481716705,0.2898078481716705,-0.7956404663540914,0.0
Wonogiri,Jawa Tengah,1905.7697218379533,6,0.0031483342038898,4,0.0020988894692598,15.1,10.4,0.5,3.2,6.6,9.59,-0.937885222865822,-0.1524200091322263,-0.2638886118903867,0.2638886118903867,-0.6739966109754353,0.0020966898780192477
Wonosobo,Jawa Tengah,1011.6228308634974,4,0.0039540428289718,3,0.0029655321217288,23.9,18.1,0.4,4.1,2.8,13.34,0.144244115973737,0.38600613821093,-0.25320225304971256,0.25320225304971256,0.39744636902344954,0.0029611436053963223
Yahukimo,Papua Pegunungan,16365.946139481308,3,0.0001833074589413,4,0.0002444099452551,37.7,20.2,0.8,5.1,18.9,30.61,1.8412196700630463,2.865638022108613,-0.2867868267252146,0.2867868267252146,2.128006496788261,0.00024438008201024716
Yalimo,Papua Pegunungan,3148.307946223869,0,0.0,0,0.0,35.1,24.6,3.9,12.9,5.8,27.35,1.5214996381331765,2.3975662246849625,-0.2898078481716705,0.2898078481716705,1.8113074863048468,0.0
